qmof_id,name,analysis_bin,primary_metal,outputs.pbe.bandgap,zeo_pld,zeo_lcd,zeo_density,zeo_volume,zeo_natoms
qmof-8cfc29d,REJKUN_FSR,bandgap_0_to_0.5eV,Cu,0.052416,1.17171,2.06316,2.251534621,442.8726402,40
qmof-62dbb8e,DORWAK_FSR,bandgap_0_to_0.5eV,Cu,0.204866,1.81242,2.27715,1.387196323,1000.727957,106
qmof-54114ac,BIHZID_FSR,bandgap_0_to_0.5eV,Hg,0.021079,1.06917,1.66468,3.036162778,415.2371421,34
qmof-33eaa8a,LIKZAI_FSR,bandgap_0_to_0.5eV,Cu,0.004553,0.90775,1.64763,1.711881896,705.7950195,70
qmof-dbb4b69,OXAZIX_FSR,bandgap_0_to_0.5eV,Pr,0.074421,1.19813,2.5282,2.387130678,951.7247298,88
qmof-7e46631,KASRUS_FSR,bandgap_0_to_0.5eV,Cu,0.016766,0.89153,2.09186,2.056023357,433.8523189,38
qmof-afd3d78,QEKLEZ_FSR,bandgap_0_to_0.5eV,Cd,0.077833,0.80098,2.16291,1.887610041,865.1554643,84
qmof-9b1be38,TARQAF_FSR,bandgap_0_to_0.5eV,Cs,0.010889,0.86138,2.14736,2.279458687,1017.171677,76
qmof-4bb9ee9,DOTYUI01_FSR,bandgap_0_to_0.5eV,Co,0.126945,1.34316,3.92753,1.12915899,1005.514562,95
qmof-606ca52,OVIVOF_FSR,bandgap_0_to_0.5eV,Cd,0.029604,1.77133,3.03364,1.892250876,1404.253928,112
qmof-1b4e871,PAZXOD_FSR,bandgap_0_to_0.5eV,Cr,0.234922,0.904,2.64822,2.290282954,634.6884357,56
qmof-7e4dbb6,NESYOZ02_FSR,bandgap_0_to_0.5eV,Cu,0.086929,1.58689,2.56268,1.713941423,663.9878236,54
qmof-c8c6644,HAFQOW_FSR,bandgap_0_to_0.5eV,Al,0.273106,1.09181,1.98342,1.627484576,1478.78246,128
qmof-aaa4160,XUGQUM_FSR,bandgap_0_to_0.5eV,Ag,0.076406,0.98715,1.63027,2.239917855,682.283175,62
qmof-2ea7167,EKESOC_FSR,bandgap_0_to_0.5eV,Cu,0.202814,0.88414,1.491,1.837723272,512.8188602,64
qmof-d2f6719,OFEGUD_FSR,bandgap_0_to_0.5eV,Cd,0.100632,1.0544,2.47646,1.912083932,1170.714943,111
qmof-c031960,DICVUI_FSR,bandgap_0_to_0.5eV,Cu,0.101316,1.69068,2.89675,2.781349678,912.9317974,59
qmof-1dc08c3,PIDZEI_FSR,bandgap_0_to_0.5eV,K,0.050973,0.95716,1.77393,1.471237661,1120.979377,108
qmof-7cefc8c,OKECUE_FSR,bandgap_0_to_0.5eV,Cd,0.052147,1.33186,3.24436,1.653550726,1140.413002,100
qmof-f40f3e7,DOTZIX_FSR,bandgap_0_to_0.5eV,Co,0.214375,1.48086,3.89616,1.105378388,1024.178142,97
qmof-6d2fc7d,MIDVEA_FSR,bandgap_0_to_0.5eV,Cu,0.053015,0.8358,1.86013,2.226001305,426.552968,41
qmof-2dea218,SACPAQ_FSR,bandgap_0_to_0.5eV,Hg,0.17181,0.95927,3.01699,3.629179268,1875.732273,120
qmof-93cbc2c,PEWFEE_FSR,bandgap_0_to_0.5eV,Cu,0.022526,0.97408,2.09814,3.392561733,285.696502,24
qmof-0d0a55e,PODMUR_FSR,bandgap_0_to_0.5eV,Cu,0.043865,0.85511,1.54124,2.235255239,679.9038149,62
qmof-80d14e6,SEHDAM_FSR,bandgap_0_to_0.5eV,Cd,0.085916,1.18037,3.22357,1.644955375,1324.274665,122
qmof-043bf63,JETLEC_FSR,bandgap_0.5_to_1.0eV,Cu,0.135055,0.95718,1.85503,2.219289117,1139.316577,100
qmof-545e186,MOJWUF_FSR,bandgap_0.5_to_1.0eV,Zn,0.00724,1.14142,1.69275,1.736025326,1166.712163,122
qmof-d928e40,NEKTEE_FSR,bandgap_0.5_to_1.0eV,Mn,0.21044,0.94038,1.97183,1.5311022,1243.880524,124
qmof-9b0ccbd,BETGUF_FSR,bandgap_0.5_to_1.0eV,Cu,0.492882,1.36328,2.70936,2.474031757,924.6978361,82
qmof-230a690,WIHQEM_FSR,bandgap_0.5_to_1.0eV,Cu,0.239518,1.26027,2.89262,2.015472564,720.963791,52
qmof-3d26180,SIPYUM_FSR,bandgap_0.5_to_1.0eV,Cu,0.436287,0.85259,2.54734,1.916886685,607.645544,60
qmof-c6fb628,MICRAU_FSR,bandgap_0.5_to_1.0eV,Cu,0.365494,1.57273,3.82429,1.399495828,970.3787335,80
qmof-a3a6bff,LAFRUG_FSR,bandgap_0.5_to_1.0eV,Cu,0.26841,0.90748,1.70726,2.105982889,913.6739912,92
qmof-1f7d79e,CENLEP_FSR,bandgap_0.5_to_1.0eV,Cu,0.118091,1.10078,2.10368,3.511351801,348.9705981,24
qmof-12544e7,PITVOD_FSR,bandgap_0.5_to_1.0eV,Mn,0.188597,1.32498,5.28504,0.975222481,980.159978,83
qmof-2b29f90,ELIMOC_FSR,bandgap_0.5_to_1.0eV,Mn,0.082435,0.93687,2.08527,1.675318733,435.4449572,49
qmof-287a882,UHOCEB02_FSR,bandgap_0.5_to_1.0eV,Cu,0.454088,0.79158,1.98621,2.044614481,814.4295998,80
qmof-0c21f93,WOFYIB_FSR,bandgap_0.5_to_1.0eV,Co,0.082152,0.99306,1.96146,1.821868146,897.500372,84
qmof-79768f1,ETEVOP_FSR,bandgap_0.5_to_1.0eV,Rb,0.541684,1.24509,2.01411,1.922187588,1345.655021,92
qmof-6071ce7,IBUBIS01_FSR,bandgap_0.5_to_1.0eV,Organic_Only,0.244412,0.87745,1.98675,3.45884639,391.8725253,34
qmof-5961f99,REGMEX_FSR,bandgap_0.5_to_1.0eV,Cu,0.192383,0.74841,1.38519,2.256664456,357.8072649,34
qmof-c8cd84e,NOQBUS_FSR,bandgap_0.5_to_1.0eV,Co,0.390438,0.88026,2.36572,1.595534609,796.7752362,83
qmof-7311839,BISVUW_FSR,bandgap_0.5_to_1.0eV,Ag,0.4641,0.75996,1.82955,2.634073841,592.3901994,42
qmof-f8c7a01,DIHHOS_FSR,bandgap_0.5_to_1.0eV,Cu,0.02068,0.95124,1.90234,2.450140041,550.7111229,47
qmof-c9f9a46,PASQUX_FSR,bandgap_0.5_to_1.0eV,Cu,0.575672,1.07488,1.90806,1.910195642,594.1923401,62
qmof-a471706,SIWHAI_FSR,bandgap_1.0_to_1.5eV,Cu,0.358666,1.18981,2.12311,1.773164541,471.4704442,52
qmof-0d8afa2,MUQWOM_FSR,bandgap_1.0_to_1.5eV,Li,0.752039,1.22373,2.21787,1.608842564,1016.213032,104
qmof-3110c7f,WUTNEG_FSR,bandgap_1.0_to_1.5eV,Cu,0.410951,1.08447,1.71819,2.66358114,781.9223615,64
qmof-3feeaa5,MIJKIA_FSR,bandgap_1.0_to_1.5eV,Mn,0.644854,0.97475,2.1891,1.754769041,706.3836098,70
qmof-85bc3c6,PUPXII_FSR,bandgap_1.0_to_1.5eV,Mn,0.308943,2.62484,3.28515,1.72484683,585.5585022,52
qmof-193431e,YEQQER_FSR,bandgap_1.0_to_1.5eV,Cu,0.436014,1.20882,2.39466,2.761796879,1062.63015,84
qmof-b5bdb39,DUMHEZ01_FSR,bandgap_1.0_to_1.5eV,Cu,0.356759,0.97213,1.51566,1.826344344,650.7440678,60
qmof-dc9df4c,VORTON01_FSR,bandgap_1.0_to_1.5eV,Cu,0.460995,0.90797,2.05752,2.439045731,495.1139701,44
qmof-a457b47,BAHHUP01_FSR,bandgap_1.0_to_1.5eV,Cd,0.22935,1.75415,2.98635,1.809445487,743.5475384,64
qmof-8b33bc9,DIDYUM_FSR,bandgap_1.0_to_1.5eV,Cu,0.410297,1.02381,2.79617,2.099899173,730.3003081,64
qmof-0122bb1,BAMSEN_FSR,bandgap_1.0_to_1.5eV,Ga,0.979539,1.63694,1.96376,1.613873919,618.6294202,58
qmof-d0d6fd2,BOKXIK_FSR,bandgap_1.0_to_1.5eV,Cu,0.002652,1.44523,3.31258,1.687918131,796.3077124,56
qmof-16d3687,CUFCEN_FSR,bandgap_1.0_to_1.5eV,Mn,0.283554,2.20072,2.88726,1.864763896,481.0352905,50
qmof-9062b93,CAVGIS_FSR,bandgap_1.0_to_1.5eV,Ni,0.102067,3.29068,4.25742,1.308341991,1196.891243,94
qmof-361fd6f,BANHAA_FSR,bandgap_1.0_to_1.5eV,Zn,0.392628,1.23818,2.82061,1.432210501,1358.711694,122
qmof-a79b912,EFIWAT_FSR,bandgap_1.0_to_1.5eV,W,0.583692,1.71621,2.79059,2.726411103,1412.422199,127
qmof-31797e0,DEYWAI01_FSR,bandgap_1.0_to_1.5eV,Cu,0.441291,1.13853,1.771,2.703373968,427.5218956,32
qmof-c4f3917,DEJGUV_FSR,bandgap_1.0_to_1.5eV,Cu,0.29907,0.86582,1.74905,1.969501602,936.8567124,88
qmof-81dfe71,KALNOA_FSR,bandgap_1.0_to_1.5eV,Cu,0.293377,0.85825,1.93393,2.268460517,1094.083137,100
qmof-7668bea,FABJID_FSR,bandgap_1.0_to_1.5eV,Cu,0.367332,1.65184,2.26092,1.920422318,593.5154894,56
qmof-cea3393,JEWCIY_FSR,bandgap_1.0_to_1.5eV,Cu,0.40194,1.0875,2.17472,1.801298263,1002.333026,84
qmof-62820e8,LAZCEV_FSR,bandgap_1.0_to_1.5eV,Cu,0.585323,1.00511,2.79601,1.85413949,1048.905071,108
qmof-bf12e76,HEWRIK_FSR,bandgap_1.0_to_1.5eV,Cu,0.242894,1.16657,1.73154,2.891781323,322.202394,26
qmof-3bba393,LOJPIL_FSR,bandgap_1.0_to_1.5eV,Mo,0.651031,0.75515,1.79558,2.857637663,742.0024538,69
qmof-45a6307,WEZNUM_FSR,bandgap_1.0_to_1.5eV,Zn,0.5456,2.24403,2.94191,2.432783934,658.5077973,58
qmof-638b408,PENXIQ_FSR,bandgap_1.0_to_1.5eV,Cu,0.004702,0.90124,1.795,2.209437647,332.851887,25
qmof-d1fec5e,PAQJOG_FSR,bandgap_1.0_to_1.5eV,Mn,0.098431,0.92404,1.67467,1.687591221,813.2515756,82
qmof-c8756ec,ODIJES_FSR,bandgap_1.0_to_1.5eV,Mo,0.700853,1.00318,2.04708,1.898678894,533.7338862,54
qmof-45d422a,EDAPAC_FSR,bandgap_1.0_to_1.5eV,Cu,0.445333,1.01734,2.25865,1.639924782,1396.599442,132
qmof-1f8e39f,QAFFAF_FSR,bandgap_1.0_to_1.5eV,Mn,0.464051,0.77751,2.39787,1.750320819,730.9400633,78
qmof-f906424,GEBZAR_FSR,bandgap_1.0_to_1.5eV,Mn,0.403352,0.85192,2.38327,1.606665803,1042.524686,106
qmof-6f98772,CUTCIF_FSR,bandgap_1.0_to_1.5eV,Mn,0.006343,1.01138,2.67316,1.564563132,610.6715266,55
qmof-4e8ed50,KOFVUY_FSR,bandgap_1.0_to_1.5eV,Cd,0.430391,2.7416,5.07002,1.533595629,917.3716229,60
qmof-932ec8e,QIPPIO_FSR,bandgap_1.0_to_1.5eV,Mn,0.456345,3.75146,4.75301,1.372991575,1436.065982,93
qmof-3546d7f,MAXWUE_FSR,bandgap_1.0_to_1.5eV,Cu,0.02913,1.06224,2.05754,2.321737056,1039.500605,86
qmof-9545770,AFOLIR_FSR,bandgap_1.0_to_1.5eV,Mn,0.107635,1.02591,1.83221,1.661049816,789.4491861,85
qmof-663129a,RESGUU_FSR,bandgap_1.0_to_1.5eV,Li,0.761033,1.14308,2.73024,1.544179085,989.7443264,104
qmof-a3e45d0,NAJSUM02_FSR,bandgap_1.0_to_1.5eV,Mn,0.200589,1.04073,2.66042,1.843656071,392.8002337,32
qmof-c30e806,HUTWUQ_FSR,bandgap_1.0_to_1.5eV,Mn,0.204251,1.577,2.79818,1.431108029,1240.158261,112
qmof-5bf0c2a,QOCHAR_FSR,bandgap_1.0_to_1.5eV,Cd,0.568271,1.41252,2.47116,2.40084598,491.6359749,38
qmof-1510275,OGUVES_FSR,bandgap_1.0_to_1.5eV,Mo,0.389088,0.90903,1.94071,2.483354492,1060.606827,100
qmof-49bc51b,APASAN_FSR,bandgap_1.0_to_1.5eV,Cu,0.078311,0.93973,1.7029,1.827640624,650.2825183,60
qmof-cafe9dc,GASJES_FSR,bandgap_1.0_to_1.5eV,Cs,0.67527,1.12473,1.76977,1.92642182,775.8350812,62
qmof-7af20fe,SITGAG_FSR,bandgap_1.0_to_1.5eV,Cu,0.65254,1.17604,2.15654,1.685059032,620.14309,52
qmof-e59232d,LIYLOU_FSR,bandgap_1.0_to_1.5eV,Mn,0.043468,0.81729,1.38397,1.965386011,476.5663856,46
qmof-3b1e56c,CEPGEJ_FSR,bandgap_1.0_to_1.5eV,Cu,0.609102,1.07967,1.87454,2.203295721,1135.507564,104
qmof-d42c622,SOQVOK_FSR,bandgap_1.0_to_1.5eV,Mn,0.118532,1.77975,2.23029,1.774924692,467.1221471,49
qmof-0aea5e3,JUSXUQ_FSR,bandgap_1.0_to_1.5eV,Mn,0.457199,1.06382,2.26888,1.525685116,362.6967083,39
qmof-4fac276,DOJKEU_FSR,bandgap_1.0_to_1.5eV,Mo,0.731002,1.20755,2.07438,1.647364786,865.4208212,82
qmof-8bcdd4b,CERKAO_FSR,bandgap_1.0_to_1.5eV,Mn,0.116295,0.74467,1.73597,1.849009517,498.7099284,53
qmof-22c0271,BIYLEC_FSR,bandgap_1.5_to_2.0eV,Cu,0.231489,1.31429,2.95346,2.207845226,1220.497657,90
qmof-0331d6b,XENBUN_FSR,bandgap_1.5_to_2.0eV,Ru,0.138713,1.32185,2.32094,2.183926517,634.4377163,52
qmof-e5a036c,HAWTOQ_FSR,bandgap_1.5_to_2.0eV,Cu,0.74979,0.84972,1.99361,2.935469152,684.7080193,52
qmof-a2745e9,ESIQUS_FSR,bandgap_1.5_to_2.0eV,Mn,0.373009,1.12415,2.67165,1.624464543,886.6963257,77
qmof-1f3610c,ESEHEP_FSR,bandgap_1.5_to_2.0eV,Mn,0.731365,1.2914,2.43047,1.821418948,1636.296608,132
qmof-f46187c,LABJEF_FSR,bandgap_1.5_to_2.0eV,Cu,0.767797,1.95487,2.68368,1.61655086,1161.929316,108
qmof-6fe7cc9,KALMOZ_FSR,bandgap_1.5_to_2.0eV,Cu,0.519395,1.08359,1.66389,2.424917496,343.1577934,30
qmof-ad11f37,MEQUNI01_FSR,bandgap_1.5_to_2.0eV,Ni,0.371424,0.8021,1.62993,1.869515533,673.4914273,70
qmof-8ebb5d3,VEGZAJ_FSR,bandgap_1.5_to_2.0eV,Organic_Only,1.25122,0.80146,1.814,2.435232534,641.141197,46
qmof-21a886a,TIZCIR_FSR,bandgap_1.5_to_2.0eV,Cu,1.017194,5.15493,6.35017,1.636847374,784.681399,44
qmof-5e0e2eb,DINQUM_FSR,bandgap_1.5_to_2.0eV,Cu,0.748473,0.99123,1.69079,2.840417183,748.9390905,56
qmof-3fa29a2,RABBUS_FSR,bandgap_1.5_to_2.0eV,Cu,0.779018,1.09958,2.88228,2.867545676,947.0078855,74
qmof-b874271,HOFZAD_FSR,bandgap_1.5_to_2.0eV,Au,1.03323,1.05642,2.35607,1.945878379,1567.278642,148
qmof-b4cdf8e,EMAYUM_FSR,bandgap_1.5_to_2.0eV,Ag,0.60003,0.84897,1.80134,2.492045619,770.2234013,68
qmof-9e620c1,PIHJOH03_FSR,bandgap_1.5_to_2.0eV,Mn,0.408039,3.80178,4.25342,1.348078141,1111.887901,94
qmof-93da51e,NIGNUP_FSR,bandgap_1.5_to_2.0eV,Er,1.043994,2.89058,5.81319,1.717662075,2369.808176,148
qmof-39a2f45,PALYAD_FSR,bandgap_1.5_to_2.0eV,Mn,0.440237,0.79682,2.10919,1.65224266,968.4368517,93
qmof-5f11e5e,BIRFIU_FSR,bandgap_1.5_to_2.0eV,Cu,0.73052,0.86842,2.07446,3.103198183,1102.487584,96
qmof-6fcc83e,MUQWAY01_FSR,bandgap_1.5_to_2.0eV,Li,1.13488,1.00124,1.54296,1.580662355,1210.666968,128
qmof-df79c2c,NATYUF_FSR,bandgap_1.5_to_2.0eV,Mn,0.468624,1.25546,1.74814,1.81765808,795.0992577,86
qmof-9b8ff46,PARTEI_FSR,bandgap_1.5_to_2.0eV,Mn,0.449622,1.0365,2.61786,1.420462407,639.9976538,65
qmof-f6ecddf,NARVIM_FSR,bandgap_1.5_to_2.0eV,Cu,0.702655,1.15652,1.78926,2.122702121,1163.03677,108
qmof-e3bbf40,QIXYAY_FSR,bandgap_1.5_to_2.0eV,Cu,0.809432,0.80535,1.46876,2.775121156,1000.796124,88
qmof-81462ef,CUTCEB_FSR,bandgap_1.5_to_2.0eV,Mn,0.519072,1.00187,1.95564,1.521991504,822.2061045,79
qmof-2f9cf3e,GICZOI_FSR,bandgap_1.5_to_2.0eV,K,1.21882,0.81103,1.99028,1.608236669,671.8025667,60
qmof-01f1640,OLOFIF_FSR,bandgap_1.5_to_2.0eV,Co,0.316142,1.6736,2.92846,1.64776998,719.9094949,66
qmof-14906a2,GUKNAC01_FSR,bandgap_1.5_to_2.0eV,Mn,0.309681,1.01394,2.70629,2.679120306,1720.403389,124
qmof-9d86f1e,ODOFOC_FSR,bandgap_1.5_to_2.0eV,Cu,0.67446,1.04985,2.03328,2.759815221,734.015808,48
qmof-03814d4,SAZTIX02_FSR,bandgap_1.5_to_2.0eV,Cu,0.507983,2.30461,3.44903,1.572226746,1131.205705,94
qmof-cf1fc30,EDEDOJ_FSR,bandgap_1.5_to_2.0eV,Cu,0.534296,0.76607,1.94641,2.509440417,1614.165738,136
qmof-6219623,KIVZAR_FSR,bandgap_1.5_to_2.0eV,Cu,0.621089,0.6715,1.47106,2.911932508,572.936163,52
qmof-2f8d683,BOYWES_FSR,bandgap_1.5_to_2.0eV,Mn,0.443697,0.86363,2.72951,2.387553789,1669.889796,124
qmof-8a54112,FANZEA_FSR,bandgap_1.5_to_2.0eV,Cu,0.13324,0.8824,1.80983,2.177993204,508.4905786,49
qmof-f0a4dcc,QIFVOT_FSR,bandgap_1.5_to_2.0eV,Cu,0.748221,1.59418,2.88671,2.607589817,1110.174667,82
qmof-50d7874,EKALIL_FSR,bandgap_1.5_to_2.0eV,Cu,0.481176,1.10003,1.8429,1.95067928,1523.838177,144
qmof-268888c,LONVIV_FSR,bandgap_1.5_to_2.0eV,Mn,0.112757,6.06692,8.75596,1.335634205,1398.416068,72
qmof-acc8248,TACDOR_FSR,bandgap_1.5_to_2.0eV,Tl,0.807024,1.57701,2.05889,3.205000739,803.0307461,68
qmof-70b42ce,BIWSAE_FSR,bandgap_1.5_to_2.0eV,Cu,0.581735,3.24793,5.54609,1.714247914,1476.889243,98
qmof-80d488f,LEXREN_FSR,bandgap_1.5_to_2.0eV,Cu,0.634063,1.16546,1.893,2.406244975,1048.082552,88
qmof-1fd65b5,BAHNUW_FSR,bandgap_1.5_to_2.0eV,Ag,0.957332,2.46986,3.68411,1.55640146,1330.290312,122
qmof-4a16101,CIZWIU_FSR,bandgap_1.5_to_2.0eV,Mn,0.328395,1.34766,2.45122,1.432680939,1556.641276,150
qmof-f1ec197,UNEQOU_FSR,bandgap_1.5_to_2.0eV,Mn,0.149763,0.83397,2.01808,1.616432683,693.9520007,71
qmof-fd5ecfb,SUYDOF01_FSR,bandgap_1.5_to_2.0eV,Cu,0.644922,0.86398,1.87814,2.236916695,918.3366203,88
qmof-9544bd5,BUKHUM_FSR,bandgap_1.5_to_2.0eV,Cu,0.728808,1.4077,2.8079,1.731340031,842.9011016,76
qmof-7d579e0,WURNIG_FSR,bandgap_1.5_to_2.0eV,Cu,0.591819,1.67243,2.083,2.423139724,854.1025745,72
qmof-5ff6ae2,QOLFIH_FSR,bandgap_1.5_to_2.0eV,Fe,0.668628,0.88802,2.14409,1.886029549,950.9426841,92
qmof-0ec6421,ISADAH_FSR,bandgap_1.5_to_2.0eV,V,0.398654,0.82886,2.19899,2.376180633,829.3016046,71
qmof-2aec50f,KIHVAB_FSR,bandgap_1.5_to_2.0eV,Mn,0.194697,1.04796,2.37168,1.729121364,908.8500403,96
qmof-f5b47bc,KOFWOT_FSR,bandgap_1.5_to_2.0eV,Mn,0.390423,1.82237,3.21232,1.570119757,1196.807431,105
qmof-7351afb,UFUTAQ_FSR,bandgap_1.5_to_2.0eV,Cu,0.729599,0.95652,1.66482,1.843452727,547.3236399,48
qmof-20ebe36,CEHXIY_FSR,bandgap_2.0_to_2.5eV,Cu,0.36442,0.87984,1.95915,2.279032053,1096.543139,92
qmof-a7f15a5,BUKFAQ_FSR,bandgap_2.0_to_2.5eV,Cu,1.442036,1.12876,1.89722,1.624103449,656.06611,64
qmof-f53cf45,GOYSAO_FSR,bandgap_2.0_to_2.5eV,Cu,0.937842,0.88054,1.88481,2.049371168,601.7071863,56
qmof-d690c9a,UHOTER_FSR,bandgap_2.0_to_2.5eV,Li,1.213771,0.94071,1.57401,1.74951345,990.849398,92
qmof-6fe62e0,KOGNIE_FSR,bandgap_2.0_to_2.5eV,Cu,0.198905,1.60911,2.67898,2.047084352,959.4823975,92
qmof-8ecac40,NAYJAY_FSR,bandgap_2.0_to_2.5eV,Co,0.790259,0.88427,1.64829,1.826977657,543.8078641,54
qmof-0771f58,FAYDAN_FSR,bandgap_2.0_to_2.5eV,Zn,1.573134,1.36049,2.91596,1.498000593,1152.444783,102
qmof-a157e00,FANNAM_FSR,bandgap_2.0_to_2.5eV,Zn,1.440453,1.24336,2.4882,1.43723661,1270.695869,122
qmof-b7cf313,XAPGOK_FSR,bandgap_2.0_to_2.5eV,Ag,1.024569,0.90842,2.2339,2.43193522,921.5846198,72
qmof-d68a206,REKBAL_FSR,bandgap_2.0_to_2.5eV,Mo,1.174674,0.74776,1.81227,3.01191921,1079.641201,102
qmof-458f21b,PUMCIL_FSR,bandgap_2.0_to_2.5eV,Cd,1.168283,1.04515,1.63587,1.884345942,386.6921651,33
qmof-73c6324,BADXUZ01_FSR,bandgap_2.0_to_2.5eV,Cu,0.633837,0.98775,2.17864,1.867449395,654.1484431,66
qmof-a680360,WUFFIN_FSR,bandgap_2.0_to_2.5eV,Cu,0.854484,0.85617,1.75295,2.155404793,692.3910173,72
qmof-85790cf,XAQBOI_FSR,bandgap_2.0_to_2.5eV,Cu,1.138107,0.92558,1.8483,1.710064631,717.1811966,72
qmof-4629fe7,YEFPOR_FSR,bandgap_2.0_to_2.5eV,Cu,1.023681,1.3266,2.18461,2.353431722,432.0125065,40
qmof-a6c82f9,QAVBEW_FSR,bandgap_2.0_to_2.5eV,Mn,0.307126,0.85686,1.75,1.799980119,599.9134214,54
qmof-167de99,HICRUG_FSR,bandgap_2.0_to_2.5eV,Cu,0.289636,1.18525,2.09773,1.771510032,569.3957808,46
qmof-4721a8e,EBIVES_FSR,bandgap_2.0_to_2.5eV,Zn,1.41292,1.08316,2.43637,1.607368375,1194.613366,102
qmof-fd8c6e6,BIHRAO_FSR,bandgap_2.0_to_2.5eV,K,1.303926,1.27385,2.16277,1.731892574,1227.380666,110
qmof-ba60a35,FUXCEI_FSR,bandgap_2.0_to_2.5eV,Ag,1.599156,3.24786,4.32395,1.579739704,1751.242296,102
qmof-40093f4,DECWIS_FSR,bandgap_2.0_to_2.5eV,Cu,0.886,1.18787,2.03833,1.870235805,1061.224365,96
qmof-55c6596,ICACAS_FSR,bandgap_2.0_to_2.5eV,Cu,1.23832,1.02844,1.74732,2.434552977,762.8951649,60
qmof-34515cf,GAHZUN_FSR,bandgap_2.0_to_2.5eV,Cu,1.16769,1.43416,2.4727,3.028831882,870.1693534,66
qmof-d441feb,JEHPAO_FSR,bandgap_2.0_to_2.5eV,K,1.389475,1.13065,2.21128,1.638926437,1484.957277,136
qmof-ed94e56,HIHFAH_FSR,bandgap_2.0_to_2.5eV,Ni,0.918188,1.26025,2.58836,1.501284956,1104.291114,110
qmof-e6d34bf,WAYQOF_FSR,bandgap_2.0_to_2.5eV,Fe,1.473828,1.00938,2.21622,2.308776511,1232.095554,96
qmof-6bf0ec2,KIVWAO01_FSR,bandgap_2.0_to_2.5eV,Cu,1.050686,1.10303,2.06307,1.696826668,1087.484584,96
qmof-9466437,MUSGIQ_FSR,bandgap_2.0_to_2.5eV,Cu,1.113175,0.99794,1.78179,2.983331624,1249.259529,104
qmof-ea2f1f4,FOSQOU_FSR,bandgap_2.0_to_2.5eV,Cu,0.529814,0.86231,1.47451,1.811566347,597.7893662,65
qmof-3e3c370,QUZFEY_FSR,bandgap_2.0_to_2.5eV,Hg,0.870513,1.18852,1.68116,3.767762331,504.6409195,32
qmof-c69c808,FAHPIO_FSR,bandgap_2.0_to_2.5eV,Cd,1.480993,1.28258,2.60229,1.717801904,1314.257388,114
qmof-bb7bee0,FARXOM_FSR,bandgap_2.0_to_2.5eV,Ni,0.79851,1.07525,2.19121,1.647207424,1058.867239,94
qmof-7193001,SACSEV_FSR,bandgap_2.0_to_2.5eV,Cu,1.015372,0.95689,1.52809,2.154102014,276.1066017,24
qmof-d1d61f9,VOTCOY_FSR,bandgap_2.0_to_2.5eV,Zn,1.741496,1.3763,1.98594,1.548356013,709.9593025,73
qmof-3f0a2ed,QAXCAU_FSR,bandgap_2.0_to_2.5eV,Ag,1.248609,1.04833,1.92569,2.640777814,623.6384683,52
qmof-d0dfc27,ORAPUT_FSR,bandgap_2.0_to_2.5eV,Ru,0.719223,1.54309,3.13362,2.03512123,848.0852362,69
qmof-15486a3,HEQLOH_FSR,bandgap_2.0_to_2.5eV,Cu,1.335477,1.07683,1.85265,1.697477561,764.8742236,72
qmof-f754d4b,NEHZEF_FSR,bandgap_2.0_to_2.5eV,Mn,0.456942,2.69121,4.0576,1.57785943,755.6255201,50
qmof-a1d95f7,NOFQIK_FSR,bandgap_2.0_to_2.5eV,Cu,1.07247,1.32877,2.01166,2.589873229,813.6454575,64
qmof-715f306,FUHNUT_FSR,bandgap_2.0_to_2.5eV,Ag,1.054437,1.01693,1.61236,2.533984637,661.7778208,60
qmof-ea963b6,NEDHIN_FSR,bandgap_2.0_to_2.5eV,Cu,0.883701,1.0383,2.06286,1.728243866,1248.300591,132
qmof-d75d8da,OMECIS_FSR,bandgap_2.0_to_2.5eV,Ni,0.320753,1.45082,2.12403,1.578567801,537.6946112,61
qmof-517abf2,AWIBEP_FSR,bandgap_2.0_to_2.5eV,Lu,1.298984,0.81661,2.43148,2.194577391,843.3567562,92
qmof-529911c,CAPQIU_FSR,bandgap_2.0_to_2.5eV,Cu,1.057097,1.08112,2.08434,2.635317808,1807.972989,136
qmof-9fbe71b,DOFWUR_FSR,bandgap_2.0_to_2.5eV,Ba,1.238877,0.82613,2.22252,2.026902832,998.7632145,90
qmof-aabf74a,FEJXUO_FSR,bandgap_2.0_to_2.5eV,Mn,0.597755,0.84783,2.13377,1.730127558,302.4729404,31
qmof-cad0a5d,CUWRES_FSR,bandgap_2.0_to_2.5eV,Cu,0.911479,2.2086,2.85168,2.041062763,658.3852232,54
qmof-a57163a,ERAQET_FSR,bandgap_2.0_to_2.5eV,Cu,0.643098,1.10225,1.97983,1.865150363,1137.869255,97
qmof-d209d87,CIJTAT_FSR,bandgap_2.0_to_2.5eV,Zn,1.476762,1.05317,2.10067,1.845519133,893.4360486,89
qmof-d6563eb,MOJLII01_FSR,bandgap_2.0_to_2.5eV,Cu,0.647023,0.79577,2.34966,1.936060058,496.9323611,46
qmof-1329145,HOYMAL_FSR,bandgap_2.5_to_3.0eV,Hg,1.792959,1.3177,2.48963,3.02452245,1468.12795,108
qmof-d72a836,NIKREG_FSR,bandgap_2.5_to_3.0eV,Fe,0.593357,1.17487,1.98372,1.749284651,1170.617467,94
qmof-8a2fa8a,OTOXEB_FSR,bandgap_2.5_to_3.0eV,Ag,1.090838,1.00367,1.95069,1.857419579,1316.082938,110
qmof-9747309,DIJZOM_FSR,bandgap_2.5_to_3.0eV,Zn,1.639965,0.99582,2.11407,1.708886239,1130.850572,108
qmof-b7041f4,WEBKEW_FSR,bandgap_2.5_to_3.0eV,Cs,1.951162,0.99575,1.73549,2.383335122,1050.669885,80
qmof-3104826,MOVTUO_FSR,bandgap_2.5_to_3.0eV,Co,0.444964,1.17495,2.20494,1.533578262,908.0166274,88
qmof-aa314f7,NUNWAV_FSR,bandgap_2.5_to_3.0eV,Ag,1.556832,1.68938,2.52498,2.178076056,1049.336949,92
qmof-6c0ffdd,BOKSOK_FSR,bandgap_2.5_to_3.0eV,Fe,1.306262,1.09426,2.31928,1.556461357,1259.892606,114
qmof-d23c199,LATKAV_FSR,bandgap_2.5_to_3.0eV,Cu,0.468261,2.09506,2.51195,1.982844132,399.5679254,30
qmof-3a4a4ef,IRIWIP_FSR,bandgap_2.5_to_3.0eV,Cu,1.476872,0.92821,1.97206,1.739134763,465.5567318,46
qmof-cd3d266,LICDIL_FSR,bandgap_2.5_to_3.0eV,Co,0.841419,0.99883,2.20267,1.410180586,1101.987564,111
qmof-8ce647a,OSOGIO_FSR,bandgap_2.5_to_3.0eV,Hg,1.872669,1.39811,2.08516,2.016207148,1001.303056,90
qmof-1fcb8db,JOFQIE_FSR,bandgap_2.5_to_3.0eV,Zn,1.533517,1.19549,2.22653,1.618610755,1432.42569,134
qmof-050c6ef,GESDEP_FSR,bandgap_2.5_to_3.0eV,Mn,0.948495,1.32918,2.53622,1.495008393,696.9746104,71
qmof-2ca6d90,DURKOR_FSR,bandgap_2.5_to_3.0eV,Ag,1.590335,0.82418,2.02065,2.469603833,772.0233808,64
qmof-ae5b951,HAGXAP_FSR,bandgap_2.5_to_3.0eV,Cu,1.259777,0.93408,1.94281,2.104759168,523.38436,46
qmof-7e9d037,BIFZAT_FSR,bandgap_2.5_to_3.0eV,Ni,1.061793,2.57198,3.24571,1.590678321,1079.442028,100
qmof-e5376d7,NIMVEL_FSR,bandgap_2.5_to_3.0eV,Cu,1.413734,2.08532,2.78545,2.221513289,1598.632889,136
qmof-9e477b5,FEWRAB_FSR,bandgap_2.5_to_3.0eV,Mn,1.043508,1.05536,1.82886,1.700583178,1110.81954,99
qmof-af4297c,HOTDEZ_FSR,bandgap_2.5_to_3.0eV,Cu,0.666456,0.93969,1.8199,1.666945557,661.0959998,66
qmof-3faf53c,CIHNEO_FSR,bandgap_2.5_to_3.0eV,Cu,0.738185,0.80391,1.60531,2.364545335,597.2286609,64
qmof-afcfed2,QIVYUR_FSR,bandgap_2.5_to_3.0eV,Zn,1.73501,2.26441,3.21906,1.440108583,894.1415365,78
qmof-c8df599,OCIVAA01_FSR,bandgap_2.5_to_3.0eV,Fe,1.310431,0.9355,1.70034,2.045915891,674.8709824,66
qmof-3195183,NOQDEE_FSR,bandgap_2.5_to_3.0eV,Zn,1.925518,1.44325,3.53485,1.514960229,1306.371105,114
qmof-21f2274,KIVYEU_FSR,bandgap_2.5_to_3.0eV,Sr,1.220757,0.7293,1.68786,1.954264282,687.958538,74
qmof-cf35b6c,FUQHOP_FSR,bandgap_2.5_to_3.0eV,K,1.691796,1.18792,2.0352,1.721295555,1110.523237,106
qmof-98dce4c,MINJOK_FSR,bandgap_2.5_to_3.0eV,Mn,0.900359,1.08621,2.33408,1.503819972,1518.752642,144
qmof-056750f,ESATAU_FSR,bandgap_2.5_to_3.0eV,Zn,1.963304,3.47981,4.05922,1.655707792,1534.586902,137
qmof-d6e31ae,OXELEK_FSR,bandgap_2.5_to_3.0eV,Cu,1.299106,1.07602,2.19183,2.133954095,1203.577042,108
qmof-f817326,XUPCIV_FSR,bandgap_2.5_to_3.0eV,Mn,0.615335,1.94324,3.29178,1.406203617,812.1299994,67
qmof-07fb9bf,AWOMEG_FSR,bandgap_2.5_to_3.0eV,Ag,1.552465,0.864,1.59711,2.097908824,547.9794182,52
qmof-18e13b8,DAZHAO_FSR,bandgap_2.5_to_3.0eV,Cu,0.608252,0.93896,1.8327,1.655029421,1017.106545,87
qmof-d33c8e0,HOMMIG_FSR,bandgap_2.5_to_3.0eV,Ca,1.763526,1.05647,1.88745,1.76953607,1019.07631,96
qmof-5b9bf09,HIPMOK_FSR,bandgap_2.5_to_3.0eV,Tb,2.178857,0.75733,1.7692,2.238945332,828.0447528,86
qmof-90996c9,GADSAI_FSR,bandgap_2.5_to_3.0eV,Ca,1.816418,0.79152,1.7106,1.882225042,540.3609133,58
qmof-dbdf2e7,TIHPAE_FSR,bandgap_2.5_to_3.0eV,Mn,0.716559,0.9483,2.03185,1.681061524,897.5347365,92
qmof-49c91df,DAXZOU_FSR,bandgap_2.5_to_3.0eV,Hg,1.617126,1.2402,3.10128,2.247718018,1484.194395,134
qmof-4ffcb6d,TOZGOE01_FSR,bandgap_2.5_to_3.0eV,Ag,1.460708,0.90325,1.64833,2.238222283,559.4960111,48
qmof-b8dd1c7,BIBFOJ_FSR,bandgap_2.5_to_3.0eV,Cd,1.607748,0.87467,1.99168,2.179294942,636.399535,66
qmof-d3129ea,JOXPUJ_FSR,bandgap_2.5_to_3.0eV,Ag,1.482573,1.16952,3.12322,2.48216989,854.4045024,72
qmof-a170fdf,ETUGUV_FSR,bandgap_2.5_to_3.0eV,Cu,0.669345,1.05033,2.10309,1.738455425,659.1664356,59
qmof-5224f49,PEPTUA_FSR,bandgap_2.5_to_3.0eV,Mo,1.500963,0.82167,1.87852,3.117065516,1137.668437,102
qmof-918c8d1,PAHVAW_FSR,bandgap_2.5_to_3.0eV,Cu,0.731011,0.94847,2.55563,1.839132244,765.3299135,78
qmof-827fbe8,QUPZIM_FSR,bandgap_2.5_to_3.0eV,Fe,0.135776,2.14628,2.66606,1.546018443,567.2482437,50
qmof-94c1285,NEFJAM_FSR,bandgap_2.5_to_3.0eV,K,1.592758,0.66446,1.69938,1.746981262,1469.092977,140
qmof-736e83b,MUZCEQ_FSR,bandgap_2.5_to_3.0eV,Fe,0.226899,1.1185,2.93641,1.793994983,1144.888648,100
qmof-d2ed0fc,POMPIR_FSR,bandgap_2.5_to_3.0eV,Co,0.640758,0.69499,2.05342,1.987971304,1129.647605,104
qmof-7fcab56,HUPZAV_FSR,bandgap_2.5_to_3.0eV,Ag,1.436625,1.04949,1.76995,2.022642132,952.4942664,84
qmof-93dfeb2,GUDCUE_FSR,bandgap_2.5_to_3.0eV,Ag,1.350775,0.88724,1.99213,1.965504302,1189.855122,116
qmof-77a1ed6,VERHAB_FSR,bandgap_2.5_to_3.0eV,Mo,1.989594,0.96532,1.93161,1.831582288,524.1998314,54
qmof-c4c5c23,HOBFAI_FSR,bandgap_3.0_to_3.5eV,Cu,0.920335,1.05239,3.04357,1.39677515,1158.522606,121
qmof-d701b9b,UXANIS_FSR,bandgap_3.0_to_3.5eV,Dy,2.302851,1.20487,3.48219,2.059314303,1094.967128,96
qmof-d5f9805,GUWCAD_FSR,bandgap_3.0_to_3.5eV,Zn,2.087453,1.19857,2.89328,1.577105797,1002.044621,78
qmof-d0eca3c,QEWMUD_FSR,bandgap_3.0_to_3.5eV,Cd,2.177552,1.1704,2.09218,3.064318939,529.2629581,36
qmof-c3167f9,GAMVAU_FSR,bandgap_3.0_to_3.5eV,Cd,2.149507,1.32027,2.16178,1.542058825,1352.914182,126
qmof-16c4dd5,SANBUF01_FSR,bandgap_3.0_to_3.5eV,Cu,0.18521,1.1039,2.36398,2.018242737,417.4708557,48
qmof-63c5997,OWAZAO_FSR,bandgap_3.0_to_3.5eV,Cd,2.516138,1.07527,2.10765,1.707170676,1131.926131,110
qmof-cb53c9a,KACHUT_FSR,bandgap_3.0_to_3.5eV,Pt,2.40099,1.44576,2.33559,2.218145541,1237.976566,100
qmof-bcebc11,QANDOB_FSR,bandgap_3.0_to_3.5eV,Ag,1.633585,0.78794,1.55444,3.927712402,719.9611466,58
qmof-e4e85bb,WUQLEA_FSR,bandgap_3.0_to_3.5eV,Hg,2.251086,1.77224,2.07566,2.254178905,415.314033,37
qmof-606a263,CIHYOJ_FSR,bandgap_3.0_to_3.5eV,Cd,1.879797,1.0023,2.05382,2.068988061,828.3294677,61
qmof-ba1edaa,AQIFOW_FSR,bandgap_3.0_to_3.5eV,Zn,1.765028,1.1198,1.93116,1.846057273,711.7875071,70
qmof-2ba0cce,UYIGAM02_FSR,bandgap_3.0_to_3.5eV,Co,0.677107,1.36094,2.04531,1.580976593,618.2244131,58
qmof-5ea8960,MOXZIJ_FSR,bandgap_3.0_to_3.5eV,Pb,2.206854,1.33734,3.06135,1.866012471,1188.248079,104
qmof-92702e7,IFENUF_FSR,bandgap_3.0_to_3.5eV,Ag,1.885077,0.93667,1.90283,1.636481225,1043.685448,106
qmof-f2d872e,UZEBOS01_FSR,bandgap_3.0_to_3.5eV,Co,0.404262,3.28393,4.69356,1.334171796,1113.457908,98
qmof-442efa0,MUDBIY_FSR,bandgap_3.0_to_3.5eV,Cd,2.479615,0.88083,1.79845,2.030933146,1467.441969,128
qmof-71d98f1,RAFMAN_FSR,bandgap_3.0_to_3.5eV,K,1.991396,2.26936,2.96913,1.649859647,1238.408453,119
qmof-c060980,NENXIO_FSR,bandgap_3.0_to_3.5eV,Cu,0.658776,2.14696,2.91389,1.860405704,869.9575699,72
qmof-599e3b3,OZEPIT_FSR,bandgap_3.0_to_3.5eV,Mn,0.919063,2.72155,5.16324,1.471837782,1214.624071,100
qmof-a838610,CAVJAN_FSR,bandgap_3.0_to_3.5eV,Zn,2.376747,1.00464,3.04981,1.525275269,1375.948224,130
qmof-04a6cff,LIWMOU_FSR,bandgap_3.0_to_3.5eV,Mn,1.174152,0.85,1.66728,1.918536294,948.9150972,100
qmof-b8647f2,BUGLOG_FSR,bandgap_3.0_to_3.5eV,Cu,0.722678,0.85603,1.61422,2.130166728,529.2988818,42
qmof-98d5ff0,QURDIR_FSR,bandgap_3.0_to_3.5eV,Zn,1.849037,0.75293,1.7809,1.786654044,847.1683932,88
qmof-caa7611,GUJFIB_FSR,bandgap_3.0_to_3.5eV,Zn,1.622433,1.06442,1.79967,1.790043691,652.4156263,64
qmof-7accad1,UHOYIZ_FSR,bandgap_3.0_to_3.5eV,Cd,2.356985,1.23933,2.20979,3.195591603,474.807441,38
qmof-340ce1d,SAMTUY_FSR,bandgap_3.0_to_3.5eV,Zn,2.182879,1.13728,3.03457,1.482703907,1321.275146,120
qmof-12fff70,MEXTIV_FSR,bandgap_3.0_to_3.5eV,Cu,1.00018,1.16282,2.69394,1.595793306,1080.62906,105
qmof-f7c5ef4,BEPDUW_FSR,bandgap_3.0_to_3.5eV,Er,2.129689,0.9796,2.35658,2.104896206,818.1595257,76
qmof-afb0a94,RIHJOJ_FSR,bandgap_3.0_to_3.5eV,Zn,1.407063,3.19998,5.05339,1.325121211,1222.545658,86
qmof-6304adf,XICDOC01_FSR,bandgap_3.0_to_3.5eV,Zn,0.655076,0.83212,1.71704,2.409177505,782.8660734,72
qmof-6c38eb4,QOZHEU01_FSR,bandgap_3.0_to_3.5eV,Ni,1.008496,1.25763,2.42492,1.612174384,1122.87135,102
qmof-e9695d9,PIHJAS_FSR,bandgap_3.0_to_3.5eV,Hg,2.038345,1.16221,2.47435,2.074608212,843.6161404,66
qmof-8f9b4a4,TAMLIE_FSR,bandgap_3.0_to_3.5eV,Cd,2.204471,0.94654,1.79527,2.445666361,308.5521875,27
qmof-48262eb,QAQBOA_FSR,bandgap_3.0_to_3.5eV,Cd,1.764375,1.22406,4.21849,1.440037903,1826.812466,144
qmof-7b7a359,PADXAV_FSR,bandgap_3.0_to_3.5eV,Cd,2.109463,2.06972,3.13284,1.492468156,1502.077918,146
qmof-c6a0e3a,IYOGUA_FSR,bandgap_3.0_to_3.5eV,Dy,2.383457,1.27843,3.25196,1.880240189,1501.857109,136
qmof-b22f748,MUXNUO02_FSR,bandgap_3.0_to_3.5eV,Na,2.165603,0.69973,1.54786,1.765403191,953.0114621,84
qmof-4acb06b,IMEZOQ_FSR,bandgap_3.0_to_3.5eV,Ag,2.168458,0.68006,1.84866,3.272783881,852.3140487,72
qmof-0355eff,QEHVAC_FSR,bandgap_3.0_to_3.5eV,Cd,2.085429,1.11721,1.75502,1.797541402,977.1655735,84
qmof-8f318ef,LIJREC_FSR,bandgap_3.0_to_3.5eV,Zn,2.246963,1.78338,3.01551,1.616121345,1400.032806,128
qmof-4c1a060,WODRIS_FSR,bandgap_3.0_to_3.5eV,Cu,0.863349,1.03118,2.06923,2.064574102,681.2978216,69
qmof-5bbacb7,NURCUA_FSR,bandgap_3.0_to_3.5eV,Nd,2.030279,1.32596,2.53917,2.002020772,939.8508481,88
qmof-2eb30ad,NAQXEK_FSR,bandgap_3.0_to_3.5eV,Cd,2.079359,0.94392,2.31057,2.046912801,1825.712484,148
qmof-6d69c36,EJEBOL01_FSR,bandgap_3.0_to_3.5eV,Mn,1.092626,1.18666,2.38073,1.808708156,951.4085409,92
qmof-580d3d5,NUZHUN_FSR,bandgap_3.0_to_3.5eV,Zn,2.121642,1.2279,1.68404,1.773899569,849.6379214,90
qmof-9bfb63d,HENNEU_FSR,bandgap_3.0_to_3.5eV,Li,2.077334,1.35191,2.55774,1.576272527,1180.333974,114
qmof-5822fdf,CEFHAZ_FSR,bandgap_3.0_to_3.5eV,Hg,2.228417,0.98039,1.53829,3.222392635,553.8481823,41
qmof-9e0da10,VORTIH_FSR,bandgap_3.0_to_3.5eV,Ag,2.176253,0.68425,1.89642,2.282816551,471.4154471,46
qmof-44a4cb1,MIZLAJ_FSR,bandgap_3.0_to_3.5eV,Pb,2.178621,0.97352,1.99527,3.114201227,692.31757,50
qmof-3119618,CAFCET_FSR,bandgap_3.5_to_4.0eV,Cd,2.543862,0.85523,1.53419,1.774004538,959.989438,100
qmof-2ad0ab2,HUTQET_FSR,bandgap_3.5_to_4.0eV,Ag,2.447964,0.89988,1.87228,3.539991045,1633.792666,148
qmof-dfb5bc0,HIGGUB_FSR,bandgap_3.5_to_4.0eV,Cd,2.455705,1.0177,2.2085,2.056073979,1042.452599,80
qmof-98b5b40,KOZCIN01_FSR,bandgap_3.5_to_4.0eV,Zn,2.181368,1.27357,2.41808,1.724569687,1350.080698,116
qmof-0858cc1,GUGWAI_FSR,bandgap_3.5_to_4.0eV,Zn,2.345606,1.28326,2.40462,1.434079401,1097.364542,116
qmof-9b25d13,IWEYOZ_FSR,bandgap_3.5_to_4.0eV,Zn,2.221458,1.69034,3.46236,1.611045466,970.3856656,90
qmof-b0e2c87,LOXZOP_FSR,bandgap_3.5_to_4.0eV,Y,2.583468,0.84713,2.0153,2.155939109,661.0450014,66
qmof-14b170b,HISLEB_FSR,bandgap_3.5_to_4.0eV,Ni,1.144802,0.95586,2.164,1.617584519,617.8492206,58
qmof-23669af,SOCHIC_FSR,bandgap_3.5_to_4.0eV,Cd,2.398575,0.79952,2.61317,2.038924148,760.2971776,68
qmof-458a962,LARZUB_FSR,bandgap_3.5_to_4.0eV,Co,1.106175,0.93804,1.87475,1.629973815,594.4843236,61
qmof-3caf24b,HENREA_FSR,bandgap_3.5_to_4.0eV,Ag,2.280683,1.06582,1.90433,2.250643324,954.5507931,76
qmof-8287615,LEPVIN_FSR,bandgap_3.5_to_4.0eV,La,2.285451,1.05148,3.3471,2.431479941,1308.560926,116
qmof-24c1355,RIWXIF_FSR,bandgap_3.5_to_4.0eV,Cu,2.014358,1.08305,1.75924,3.626413538,424.9257451,30
qmof-b40e587,DEDPAD01_FSR,bandgap_3.5_to_4.0eV,Ag,2.426535,1.03393,2.02648,2.514164037,1484.209384,128
qmof-f405a54,QEKLID01_FSR,bandgap_3.5_to_4.0eV,Cd,2.979525,2.31435,3.49928,1.87469064,929.9184956,83
qmof-5f619ed,FAMDII_FSR,bandgap_3.5_to_4.0eV,Cd,2.362885,1.60289,2.50451,1.805423007,869.5067019,78
qmof-b2fc047,ORUGUF_FSR,bandgap_3.5_to_4.0eV,Cd,2.656174,1.03153,2.11232,2.088124158,1615.596165,150
qmof-1dc30c4,KULJEI_FSR,bandgap_3.5_to_4.0eV,Bi,2.73749,0.84624,2.03489,4.217584825,968.644901,76
qmof-2b6d068,PARQEG_FSR,bandgap_3.5_to_4.0eV,Na,2.990057,1.02698,2.42173,1.310289216,824.5982455,86
qmof-b99f6b2,NAVLOO_FSR,bandgap_3.5_to_4.0eV,Cu,0.961629,1.31492,2.21965,1.839533256,754.1801972,72
qmof-108e5ba,WEPCEA_FSR,bandgap_3.5_to_4.0eV,Ag,2.496546,0.88416,1.5572,2.827118818,760.9308918,64
qmof-76b7f39,FAXPOM_FSR,bandgap_3.5_to_4.0eV,Zn,2.418452,0.88051,1.70355,1.67116239,1100.667662,114
qmof-0e86d2f,KALNAN01_FSR,bandgap_3.5_to_4.0eV,Zn,2.219976,1.05554,1.99189,1.680029533,695.2231844,72
qmof-c4e3466,VECCOW_FSR,bandgap_3.5_to_4.0eV,Rb,2.050408,1.05781,1.83668,2.717720555,1008.420133,88
qmof-e521165,AWUCOL_FSR,bandgap_3.5_to_4.0eV,Hg,2.770627,1.12869,1.86198,2.504797089,873.4732032,66
qmof-dc3b732,RADZED_FSR,bandgap_3.5_to_4.0eV,Ag,2.387081,1.02739,2.231,2.908776539,1553.606625,140
qmof-a5caf55,HOQYIW_FSR,bandgap_3.5_to_4.0eV,Cu,0.995666,1.06814,2.41053,1.772700967,899.0537511,84
qmof-5eee5ab,PEXWAQ01_FSR,bandgap_3.5_to_4.0eV,La,2.836814,0.9505,2.19921,1.65370577,1165.511224,110
qmof-db1b55d,LENRAY_FSR,bandgap_3.5_to_4.0eV,Cd,2.964098,1.17352,3.21749,1.720508237,773.5009319,70
qmof-da144a7,SALZOV_FSR,bandgap_3.5_to_4.0eV,Zn,2.557499,2.47632,3.51594,1.587144569,1112.890091,108
qmof-4e6ad11,OPUCAE_FSR,bandgap_3.5_to_4.0eV,Cu,0.595147,1.41199,2.97103,2.018888535,1483.939964,130
qmof-40c1cc0,TATBUO_FSR,bandgap_3.5_to_4.0eV,Y,2.828138,0.97231,2.25807,2.493789696,894.9954615,82
qmof-eaa8adc,CUFODO11_FSR,bandgap_3.5_to_4.0eV,Cu,0.850355,0.86617,1.52255,2.140488907,613.2768022,64
qmof-33ecd67,MARLOI_FSR,bandgap_3.5_to_4.0eV,Zn,2.761239,1.03514,1.87878,1.769761538,639.2451334,64
qmof-ee04670,XAHGUK_FSR,bandgap_3.5_to_4.0eV,Cd,2.337554,1.29026,1.66372,2.243367308,468.6398509,40
qmof-07c1136,WOQJES03_FSR,bandgap_3.5_to_4.0eV,Zn,2.921344,1.17343,2.01151,3.010841976,1046.055491,88
qmof-fd1d516,DOHKOD_FSR,bandgap_3.5_to_4.0eV,Ag,2.085339,0.98609,1.98722,1.999965198,1511.641285,136
qmof-66615cb,IGOBOW_FSR,bandgap_3.5_to_4.0eV,Cu,2.398443,2.56342,3.88627,1.405986836,1123.25243,102
qmof-60d01a8,XIVKES_FSR,bandgap_3.5_to_4.0eV,Cu,0.907069,0.75784,1.81608,2.858406423,675.2995204,56
qmof-9f90a7e,BINSOJ_FSR,bandgap_3.5_to_4.0eV,Na,2.705737,0.68537,1.35636,1.793269182,722.7034273,70
qmof-9ef7236,CAYJET_FSR,bandgap_3.5_to_4.0eV,Ni,1.563133,1.17927,2.28922,1.513135885,576.2533319,53
qmof-3415203,FUYTID01_FSR,bandgap_3.5_to_4.0eV,Cu,0.881478,0.83981,1.69766,1.974990568,1398.632509,148
qmof-61b30af,KUYWEI_FSR,bandgap_3.5_to_4.0eV,Organic_Only,1.966814,1.37526,3.37283,2.347204313,1630.699426,150
qmof-270723c,DEWNUR_FSR,bandgap_3.5_to_4.0eV,Sc,2.584275,0.97922,2.53293,1.848542736,1056.708359,94
qmof-b2050b0,QUBQIP_FSR,bandgap_3.5_to_4.0eV,Organic_Only,1.975527,1.00544,2.20714,2.591341282,625.7246631,64
qmof-8f84700,OVIYOI_FSR,bandgap_3.5_to_4.0eV,Zn,2.35283,1.61291,2.49928,1.513324671,1670.92719,136
qmof-fe6e0c3,GUKQIN_FSR,bandgap_3.5_to_4.0eV,Ag,1.964349,0.99568,1.87622,2.561827317,934.5878315,90
qmof-c7fe47a,NESHIE_FSR,bandgap_3.5_to_4.0eV,Ba,2.36973,1.23159,2.09423,1.838551266,1567.462536,130
qmof-35e46f1,GOYYEA_FSR,bandgap_3.5_to_4.0eV,Ag,2.292171,2.96409,3.83417,2.022939261,1736.915173,136
qmof-0bd5270,KEGYAX_FSR,bandgap_3.5_to_4.0eV,Ag,2.050325,1.05002,3.05523,2.602497379,899.4392384,84
qmof-c59d8b8,CEDXAL_FSR,bandgap_4.0_to_4.5eV,Fe,1.415409,1.45138,2.00491,1.671671422,994.0272606,94
qmof-cd42f10,QATWAL_FSR,bandgap_4.0_to_4.5eV,Cu,1.007937,0.91071,2.17801,1.751781974,1531.93372,146
qmof-e522407,DENVIC_FSR,bandgap_4.0_to_4.5eV,Cd,3.223756,0.9687,1.813,2.118991708,1483.407623,134
qmof-19ac3b5,LINSEJ_FSR,bandgap_4.0_to_4.5eV,Sm,2.954714,1.33454,2.8743,2.257430655,1125.462463,100
qmof-60562ae,INALIT_FSR,bandgap_4.0_to_4.5eV,Ag,2.661572,1.1232,2.29663,1.828084226,614.2453953,60
qmof-8fa99e8,YEPFEF_FSR,bandgap_4.0_to_4.5eV,Cd,2.832681,1.00327,3.39746,1.732667706,850.4418958,76
qmof-36dafb7,DUWSAQ_FSR,bandgap_4.0_to_4.5eV,Nd,2.735439,1.05638,2.66986,2.513881526,1095.019307,104
qmof-7aa85c3,JISJUT_FSR,bandgap_4.0_to_4.5eV,Zn,3.022741,1.00108,2.00581,1.805129714,1212.881704,120
qmof-dbfd3f6,DUHLIC_FSR,bandgap_4.0_to_4.5eV,Cd,2.910304,1.1922,2.65075,2.049457227,560.0193203,50
qmof-2e97dc7,LINTUA_FSR,bandgap_4.0_to_4.5eV,Sm,3.205446,1.6423,3.02518,2.213903284,1183.624611,104
qmof-7b6134f,HUHCOD_FSR,bandgap_4.0_to_4.5eV,Zn,3.328328,1.24092,2.53318,1.476621869,530.6128457,53
qmof-3f10a21,RIWVAV_FSR,bandgap_4.0_to_4.5eV,Co,1.079365,1.03891,2.29981,1.545215391,991.5333671,98
qmof-88f93c8,YOTCAM_FSR,bandgap_4.0_to_4.5eV,Ag,2.51977,0.96629,2.14469,2.442110666,720.6831827,68
qmof-1580705,BIYTEJ_FSR,bandgap_4.0_to_4.5eV,Zn,2.79558,6.42357,6.52973,1.379580416,2018.934686,114
qmof-667620b,POGQEI_FSR,bandgap_4.0_to_4.5eV,Ag,3.006456,0.91175,1.74186,2.183722503,939.9610028,96
qmof-778efcb,ARUTAK_FSR,bandgap_4.0_to_4.5eV,Cd,2.780241,1.61976,3.64978,1.60172161,1121.115274,86
qmof-3458460,SEVROC_FSR,bandgap_4.0_to_4.5eV,Sr,3.204861,1.05452,1.61985,2.180897723,766.6856287,68
qmof-c46c71e,TACBEF_FSR,bandgap_4.0_to_4.5eV,Ni,1.434178,1.2035,2.33332,1.575752027,765.0528388,78
qmof-10d8e94,POLGON_FSR,bandgap_4.0_to_4.5eV,Zn,2.576402,1.28537,2.11615,1.604773587,1195.927751,118
qmof-fe8fa3d,MEHTOL_FSR,bandgap_4.0_to_4.5eV,Pr,2.922868,0.96745,1.83401,2.231532045,1405.270271,128
qmof-a9b0e38,JOBHUF_FSR,bandgap_4.0_to_4.5eV,Ag,2.666259,1.15679,1.99646,2.283153857,1092.649268,100
qmof-0434c87,NEJZEJ_FSR,bandgap_4.0_to_4.5eV,Cd,3.221224,1.49151,4.6504,1.476656807,1030.495983,82
qmof-a03e4a5,OQIMOS_FSR,bandgap_4.0_to_4.5eV,Cd,3.438376,0.95825,1.8761,1.815984676,934.1436956,90
qmof-7d95374,WUXROY_FSR,bandgap_4.0_to_4.5eV,Cd,3.164508,0.92654,1.7805,2.077222961,594.1622576,58
qmof-cecbcd8,DATSUN_FSR,bandgap_4.0_to_4.5eV,Ag,2.945958,0.97445,2.52666,1.852337604,1557.142503,136
qmof-684fe0f,PIWDEF_FSR,bandgap_4.0_to_4.5eV,Sn,3.2412,0.92813,1.95066,1.807176842,1208.983714,120
qmof-36f1dad,AXAWED_FSR,bandgap_4.0_to_4.5eV,Cd,2.939003,4.28824,4.71294,1.416264669,902.7573543,77
qmof-a59565c,BUZMUG_FSR,bandgap_4.0_to_4.5eV,Pr,2.746453,1.53831,3.65889,1.690347224,1551.027336,140
qmof-5b57e19,KIQLEB01_FSR,bandgap_4.0_to_4.5eV,Ag,2.690139,1.03342,1.63602,2.387988082,776.2068116,76
qmof-bec0a90,KAGBIG_FSR,bandgap_4.0_to_4.5eV,Na,3.053464,1.40737,2.01876,1.314358411,1270.168073,128
qmof-796ed67,VELRAI_FSR,bandgap_4.0_to_4.5eV,Co,1.793371,1.2576,3.04911,1.538179187,590.9433437,57
qmof-19d3c65,NEHNEV_FSR,bandgap_4.0_to_4.5eV,Zn,3.010018,4.50675,5.59182,0.972263976,2325.046939,141
qmof-f51bd53,NARRAC_FSR,bandgap_4.0_to_4.5eV,Gd,3.103762,0.95461,3.6149,2.41022572,754.2630292,62
qmof-fa1d0ec,EBOQIX_FSR,bandgap_4.0_to_4.5eV,Zn,2.807386,1.17812,3.11036,1.621576803,1184.933063,111
qmof-540738e,MAFYAV_FSR,bandgap_4.0_to_4.5eV,Ba,3.11914,1.0163,1.94422,2.475219078,427.2466196,34
qmof-6721074,SUKREX01_FSR,bandgap_4.0_to_4.5eV,La,2.991028,1.23066,5.12111,2.311222906,1041.848872,88
qmof-f7e01af,NERYAL_FSR,bandgap_4.0_to_4.5eV,Mn,1.539568,0.96313,2.2568,1.939311456,936.8509477,88
qmof-a4f16de,NEYVIZ_FSR,bandgap_4.0_to_4.5eV,Dy,2.889184,0.97983,2.72503,2.386145641,824.163896,76
qmof-ff1a19b,LUVBAH_FSR,bandgap_4.0_to_4.5eV,Zn,3.376441,1.27841,3.40555,1.947655879,850.9306135,72
qmof-ec5caac,WEHDAR01_FSR,bandgap_4.0_to_4.5eV,Cd,3.205853,0.99986,2.34371,1.776180212,889.5565561,92
qmof-c799254,LUSYOP_FSR,bandgap_4.0_to_4.5eV,Pb,2.776472,1.03342,1.62724,2.18618965,935.0638037,86
qmof-bf96a9f,AWEHOA_FSR,bandgap_4.0_to_4.5eV,Ag,2.868895,0.76933,1.80515,2.973528119,671.134077,60
qmof-52d1cdd,XAHGOE_FSR,bandgap_4.0_to_4.5eV,Cd,2.878625,1.30639,1.6036,2.280027046,461.0951451,40
qmof-94a607c,MAYZUK_FSR,bandgap_4.0_to_4.5eV,Zn,3.136955,0.97255,1.81586,1.813378877,1145.0687,112
qmof-fd6b02c,LARLEX_FSR,bandgap_4.0_to_4.5eV,Hg,3.12526,1.2191,2.10491,2.484433359,1627.313332,136
qmof-4f4c03d,LACVAO_FSR,bandgap_4.0_to_4.5eV,Hg,2.780895,0.96931,2.30667,3.357337138,658.9501467,48
qmof-993b30b,IXIHUS01_FSR,bandgap_4.0_to_4.5eV,Cu,1.339298,0.97766,1.65319,2.063903042,731.0295034,70
qmof-6797aee,LUPCUW_FSR,bandgap_4.0_to_4.5eV,Zn,2.696698,2.15673,3.44777,1.685670569,1491.435957,108
qmof-e260879,DEBXEQ_FSR,bandgap_4.0_to_4.5eV,Zn,3.189137,2.17487,2.58273,1.393507964,1363.125786,130
qmof-357aaf4,JOHKIA_FSR,bandgap_4.0_to_4.5eV,Cu,2.923673,1.06009,2.51732,1.923681045,917.1345087,84
qmof-7b48c52,NUJTOB_FSR,bandgap_4.5_to_5.0eV,Au,3.476641,1.24342,3.67208,1.98621464,1560.685075,142
qmof-f5d6474,UNOCOQ04_FSR,bandgap_4.5_to_5.0eV,Co,0.368794,0.73149,1.22088,2.33232991,331.8953969,28
qmof-37797cc,SOCPOP_FSR,bandgap_4.5_to_5.0eV,Sr,3.635777,1.15651,1.99572,1.254347193,657.2733213,69
qmof-fdb520d,FOJBOX_FSR,bandgap_4.5_to_5.0eV,Cd,3.269721,1.20962,2.69684,1.719013153,1596.246661,149
qmof-1d2e262,JOJJIC01_FSR,bandgap_4.5_to_5.0eV,Co,0.377241,1.13457,1.78081,2.07770489,500.4642692,50
qmof-d062e47,DOJNAT_FSR,bandgap_4.5_to_5.0eV,Zn,3.219572,0.97287,2.02616,1.708386027,959.8364688,94
qmof-b34bf6d,UDULUC_FSR,bandgap_4.5_to_5.0eV,Er,0.473,1.32045,3.74886,1.993394835,751.2462764,65
qmof-71fc45e,INOJOM_FSR,bandgap_4.5_to_5.0eV,Cs,1.866634,0.98303,2.78971,2.520494356,425.4571069,28
qmof-2b7615b,KUYTOO_FSR,bandgap_4.5_to_5.0eV,Cd,3.481884,1.52073,1.98777,1.751144752,955.2171907,86
qmof-d248652,SAZBAW_FSR,bandgap_4.5_to_5.0eV,Sn,3.629404,1.02287,1.94684,1.808631272,1009.523751,96
qmof-a3d97dc,VUKWOP_FSR,bandgap_4.5_to_5.0eV,Zn,3.156177,1.22448,2.45921,1.86251942,522.2942087,47
qmof-a3f8ffa,GANVIC_FSR,bandgap_4.5_to_5.0eV,Sn,3.530761,1.90295,2.58944,1.635203923,1145.190863,104
qmof-740601d,GAKTAO_FSR,bandgap_4.5_to_5.0eV,Na,3.480814,0.88072,1.28647,1.699075122,334.4461029,38
qmof-9ac831b,MAQZUB01_FSR,bandgap_4.5_to_5.0eV,Co,0.956888,0.99488,1.5839,1.875385998,719.1833516,76
qmof-108a191,FISDIU_FSR,bandgap_4.5_to_5.0eV,Li,3.596551,1.8099,2.57179,1.445031941,483.8800871,44
qmof-798dedc,XOJLEO_FSR,bandgap_4.5_to_5.0eV,Pr,3.689395,0.76661,1.97328,2.408690122,581.8824015,58
qmof-b84e7ef,MOGTUZ_FSR,bandgap_4.5_to_5.0eV,Cd,3.483556,0.99718,2.75048,2.242677761,607.4180197,49
qmof-f228632,EXEMAV_FSR,bandgap_4.5_to_5.0eV,Zn,3.837828,1.2429,2.0525,2.185033304,1212.650547,112
qmof-6a4604e,OPEPEF_FSR,bandgap_4.5_to_5.0eV,Zn,3.367191,1.31135,2.61349,1.573595113,1217.915144,113
qmof-859b831,AXEPIE_FSR,bandgap_4.5_to_5.0eV,Na,3.053916,0.80214,1.40513,1.655161849,349.3002151,36
qmof-f13296d,EGUPIH_FSR,bandgap_4.5_to_5.0eV,Zn,3.660192,1.52727,1.81729,1.89430297,1281.753865,132
qmof-68d449d,VUMZEK_FSR,bandgap_4.5_to_5.0eV,Cd,3.28373,1.46488,1.97068,2.846188807,564.7808338,48
qmof-56a38e5,XUBLUC01_FSR,bandgap_4.5_to_5.0eV,Ni,1.406342,0.80161,2.24635,2.025151456,661.2933108,75
qmof-e78c96e,PUPGAJ01_FSR,bandgap_4.5_to_5.0eV,Nd,3.433116,1.33689,2.35838,2.521410264,996.7209573,92
qmof-1d52386,VAYSUK_FSR,bandgap_4.5_to_5.0eV,Ba,3.43117,1.37021,2.30208,1.932399214,892.9392803,82
qmof-8dc27cb,QUNMOC_FSR,bandgap_4.5_to_5.0eV,Cd,3.777255,1.12375,1.76767,3.016657811,713.1320341,54
qmof-ccee605,MEZSAL_FSR,bandgap_4.5_to_5.0eV,Co,0.945958,0.89341,1.5408,2.040619814,615.2932766,64
qmof-bf0b336,QQQBKV10_FSR,bandgap_4.5_to_5.0eV,Tl,3.484145,0.95031,1.40068,5.232788976,316.5728058,20
qmof-1773abb,AVUFED_FSR,bandgap_4.5_to_5.0eV,Na,3.45623,0.95815,1.7427,1.839684909,1033.289084,100
qmof-c11cc76,TAPBOD_FSR,bandgap_4.5_to_5.0eV,Ag,2.714586,0.83775,1.47563,1.958603387,576.6553353,62
qmof-dd0e039,MUTJIV_FSR,bandgap_4.5_to_5.0eV,Zn,3.476257,1.42985,2.27216,1.662381948,1317.129917,116
qmof-b50d054,ODIREZ_FSR,bandgap_4.5_to_5.0eV,Cd,3.401308,0.89208,1.82896,2.450879681,998.7967077,94
qmof-f730251,ILIQEB_FSR,bandgap_4.5_to_5.0eV,Cd,3.233038,1.81838,4.01549,1.618365409,793.4718162,66
qmof-73caf97,RARLOO_FSR,bandgap_4.5_to_5.0eV,Pb,3.615237,0.89084,2.46647,3.432405011,831.7962626,77
qmof-8d056ff,PARWIQ_FSR,bandgap_4.5_to_5.0eV,Zn,3.453053,1.11078,1.88613,1.567172674,1407.155932,150
qmof-7bab797,CONWOS_FSR,bandgap_4.5_to_5.0eV,K,3.672897,1.19692,2.09587,1.478768624,850.0636598,80
qmof-26d7235,ICAZIX_FSR,bandgap_4.5_to_5.0eV,Au,3.800702,1.15114,2.39976,2.175241879,914.5660697,78
qmof-a0490fe,UQILAJ_FSR,bandgap_4.5_to_5.0eV,Gd,3.46769,0.99684,1.8974,1.964291849,1077.101372,100
qmof-e08aa2c,PADCUU_FSR,bandgap_4.5_to_5.0eV,Zn,3.639677,1.25084,2.2719,1.615211363,982.6313497,90
qmof-d5accd9,QOCRUW_FSR,bandgap_4.5_to_5.0eV,La,3.176967,1.35858,2.43621,1.772142332,911.2082521,86
qmof-aac42c8,QECDAF_FSR,bandgap_4.5_to_5.0eV,Li,3.396383,0.69464,1.48392,2.026216072,649.0981465,68
qmof-9eeead2,ADODII_FSR,bandgap_4.5_to_5.0eV,La,3.449792,5.2513,5.93855,1.205493309,1717.263879,113
qmof-05fbacb,MUFHUR_FSR,bandgap_4.5_to_5.0eV,Nd,3.426174,1.94418,3.19434,2.241289305,1121.293198,92
qmof-cd300fd,GOYLUB_FSR,bandgap_4.5_to_5.0eV,Cd,3.110384,1.23651,2.77002,1.853463219,637.2186161,56
qmof-c18c33c,CILQAS_FSR,bandgap_4.5_to_5.0eV,Hg,3.041521,0.79136,1.76956,2.930117991,952.4632656,84
qmof-fa5b867,JORCOK_FSR,bandgap_4.5_to_5.0eV,Er,3.277994,1.50768,2.45336,2.614659803,1034.953225,96
qmof-2f075c1,RUVBAN_FSR,bandgap_4.5_to_5.0eV,Zn,3.283989,1.26812,2.57523,1.686057161,435.0491253,41
qmof-e3afbd2,YOLZIK_FSR,bandgap_4.5_to_5.0eV,Ag,3.002929,0.82409,1.67413,2.809353555,511.7714696,56
qmof-ece4651,EMADAX_FSR,bandgap_4.5_to_5.0eV,Cd,3.205192,1.47066,3.16645,1.66432708,1245.049479,94
qmof-f652bd3,WEMFAX_FSR,bandgap_4.5_to_5.0eV,Gd,3.106202,3.87392,4.60415,1.887422118,1239.842511,68
qmof-3691386,BUXKUB_FSR,bandgap_5.0_to_5.5eV,Pb,4.302423,0.90971,2.0223,2.498367977,529.4633137,54
qmof-b3fea0d,CAVTOK_FSR,bandgap_5.0_to_5.5eV,Sr,4.186656,1.37174,2.12745,1.528559945,1555.264578,140
qmof-f9b12ee,DUGPUR_FSR,bandgap_5.0_to_5.5eV,La,4.186005,1.06417,2.21938,2.539442534,503.4427839,46
qmof-6660b5e,QUVDOC_FSR,bandgap_5.0_to_5.5eV,Zn,4.161219,1.05128,1.9838,1.595775274,799.1848825,79
qmof-c4cca42,CAVXOP_FSR,bandgap_5.0_to_5.5eV,Zn,3.531066,2.88499,4.28108,1.571896581,749.9364417,44
qmof-4a6ced3,TIWRUN_FSR,bandgap_5.0_to_5.5eV,K,3.700205,0.95188,1.82893,2.255441764,737.3329561,54
qmof-8535569,BEDWEN_FSR,bandgap_5.0_to_5.5eV,Sn,3.698781,1.38675,2.71954,1.639978645,1474.45015,144
qmof-4cff130,YIQMOA_FSR,bandgap_5.0_to_5.5eV,Na,3.852888,0.74009,1.9149,1.799876384,956.6664962,84
qmof-3b4f59b,JEVTAG_FSR,bandgap_5.0_to_5.5eV,Gd,3.473782,1.052,2.29846,2.409008588,681.5355268,68
qmof-b97fe67,DADLOL_FSR,bandgap_5.0_to_5.5eV,Zn,3.715134,0.98551,2.05556,1.808954392,1127.352662,120
qmof-6178f49,DAYTAB_FSR,bandgap_5.0_to_5.5eV,Cd,4.311132,0.78736,1.37941,2.047621775,563.6571312,54
qmof-20b1e21,DILGIP_FSR,bandgap_5.0_to_5.5eV,Ag,3.639645,0.96649,1.8547,2.113219392,955.6781391,100
qmof-f2c3a63,GOFNEV_FSR,bandgap_5.0_to_5.5eV,Cd,3.828855,0.70647,1.79301,2.269590511,559.8923325,54
qmof-6060b72,CISLIB_FSR,bandgap_5.0_to_5.5eV,Na,3.459776,0.91565,1.38302,2.043835398,273.9371167,24
qmof-44e9836,WUKSEC_FSR,bandgap_5.0_to_5.5eV,Zn,3.350036,1.26575,2.87687,2.019378669,643.0110674,56
qmof-1b71fff,OKUWOI_FSR,bandgap_5.0_to_5.5eV,Zn,3.660507,1.05538,1.56774,2.581198709,798.2190375,86
qmof-e778e22,UZUMEI_FSR,bandgap_5.0_to_5.5eV,Ca,4.136605,1.21935,2.15993,1.554986037,679.069058,74
qmof-da83f4c,YOFMEM_FSR,bandgap_5.0_to_5.5eV,Cd,3.38426,1.94217,2.81994,2.490505873,1197.360885,88
qmof-ee71122,KEXKEF_FSR,bandgap_5.0_to_5.5eV,Zn,3.221309,2.41715,4.58438,1.34502804,1405.449435,110
qmof-918ee50,SIXZIJ_FSR,bandgap_5.0_to_5.5eV,Cd,3.932628,1.15333,2.17398,1.638462624,672.7893222,63
qmof-13da5e7,RIGMIF_FSR,bandgap_5.0_to_5.5eV,Cd,3.805889,0.84224,1.32144,2.597039059,311.2780664,30
qmof-5f0b53c,EGOXAA_FSR,bandgap_5.0_to_5.5eV,Sm,4.112501,1.20864,1.98515,1.994090884,1228.556753,128
qmof-bf6dcca,DOQHEX_FSR,bandgap_5.0_to_5.5eV,Pr,3.351155,1.09252,2.64583,2.664156537,934.8412589,88
qmof-95455ac,COWLEG_FSR,bandgap_5.0_to_5.5eV,Cd,3.711165,1.02896,1.60367,2.396422246,489.8323592,42
qmof-4188071,MCYSCD_FSR,bandgap_5.0_to_5.5eV,Cd,3.779388,1.25594,1.8306,2.002352674,631.5316658,66
qmof-788acd1,BEMLAI_FSR,bandgap_5.0_to_5.5eV,Li,3.754969,1.32465,1.7881,1.724897011,385.154602,36
qmof-509fede,PAHTOI_FSR,bandgap_5.0_to_5.5eV,Zn,3.392625,0.63498,1.40577,3.580636588,533.9012938,52
qmof-1863adb,KATPUQ01_FSR,bandgap_5.0_to_5.5eV,Ti,3.481661,0.65385,1.51075,2.217196653,658.8962517,80
qmof-7973010,BEVQOJ01_FSR,bandgap_5.0_to_5.5eV,In,3.590562,1.01135,1.33467,2.404937919,555.159703,52
qmof-37f0bc6,WEYDEM_FSR,bandgap_5.0_to_5.5eV,Cd,3.661366,0.8032,2.43889,2.50198585,1000.259809,90
qmof-041dd8f,FUMCUL_FSR,bandgap_5.0_to_5.5eV,Mn,2.492391,0.88681,1.77172,1.801303598,948.0270081,112
qmof-50d8de5,OHESEB_FSR,bandgap_5.0_to_5.5eV,Cd,3.312298,1.05856,2.28553,1.853005228,1109.767262,104
qmof-235700c,WIHCUM_FSR,bandgap_5.0_to_5.5eV,Na,3.990583,2.44303,2.91962,1.771276538,679.4356602,60
qmof-4029d91,MUSPAR_FSR,bandgap_5.0_to_5.5eV,Co,1.927996,0.919,1.58356,1.931792141,681.1962536,72
qmof-1044bb0,CICFAW_FSR,bandgap_5.0_to_5.5eV,Cd,4.03962,1.25869,2.0694,1.891732005,411.6087274,37
qmof-028a878,RISNUD_FSR,bandgap_5.0_to_5.5eV,Cd,3.362239,1.49597,2.08042,1.798160856,1280.357089,124
qmof-9c7eeb1,QILWEN_FSR,bandgap_5.0_to_5.5eV,Pb,3.962917,1.34331,2.15102,1.935790688,798.7127364,90
qmof-3748101,WAZXIH_FSR,bandgap_5.0_to_5.5eV,Zn,4.050854,0.96273,2.06819,1.4913659,881.3962549,94
qmof-5fe665d,MAKXON_FSR,bandgap_5.0_to_5.5eV,Cd,3.865871,1.05419,1.5958,2.188593902,533.3480608,46
qmof-a1fddcc,JIPYOZ_FSR,bandgap_5.0_to_5.5eV,Sn,3.662049,1.36963,2.46802,1.661523,1116.96344,110
qmof-a1cd150,JEBLIM_FSR,bandgap_5.0_to_5.5eV,Na,4.270286,0.83185,2.03387,1.651542351,680.0149125,68
qmof-bcbd585,NAMDAH_FSR,bandgap_5.0_to_5.5eV,Cd,3.865851,2.11508,2.91843,1.98032418,1031.729168,88
qmof-e28114e,IKOLOJ_FSR,bandgap_5.0_to_5.5eV,Ca,3.741676,0.81178,1.66526,1.89577873,592.612137,70
qmof-2a36f96,MUPYAY_FSR,bandgap_5.0_to_5.5eV,Zn,3.377993,1.00385,1.85024,2.230211774,608.9919153,54
qmof-509bb90,LOHWEK_FSR,bandgap_5.0_to_5.5eV,Cd,3.790508,0.91502,1.59403,1.837550299,364.0132019,37
qmof-8555126,IDULEB_FSR,bandgap_5.0_to_5.5eV,Zn,3.826662,1.99251,4.09572,1.280536472,1036.829684,94
qmof-965eff6,MEYJIL_FSR,bandgap_5.0_to_5.5eV,Cd,3.813074,0.9875,2.26268,2.340805017,1202.013529,106
qmof-904fd21,VUZTUF01_FSR,bandgap_5.0_to_5.5eV,Sr,4.339336,1.00529,1.60159,1.938316224,688.4160642,66
qmof-0ef4ccf,KIPCAQ_FSR,bandgap_5.0_to_5.5eV,K,4.175986,0.89869,1.54531,1.421135414,807.2506644,92
qmof-482e8b2,WOKSEW_FSR,bandgap_5.0_to_5.5eV,Cd,3.833578,1.21201,2.14589,2.464142288,749.0004196,64
qmof-617f5a1,GUJTUB_FSR,bandgap_5.5_to_6.0eV,Hg,4.396062,1.24864,2.03127,2.349473687,963.4027041,92
qmof-1dedbf9,QUMXUS_FSR,bandgap_5.5_to_6.0eV,Cd,3.934639,1.14058,1.78766,2.777147708,1250.820598,128
qmof-4eb7b7a,CDCACD01_FSR,bandgap_5.5_to_6.0eV,Cd,4.066762,0.85423,1.48657,2.722762382,652.3126679,52
qmof-8492159,MEYFEB_FSR,bandgap_5.5_to_6.0eV,Cd,4.09795,1.78083,2.31685,2.326148957,800.9856688,80
qmof-3ad55a3,HAFDOI_FSR,bandgap_5.5_to_6.0eV,Cd,4.491905,2.02337,5.26396,1.639587683,2550.143396,132
qmof-9ba61f0,LIHFUF_FSR,bandgap_5.5_to_6.0eV,Ca,4.114429,0.90198,1.54551,1.698215542,645.8884411,62
qmof-5226456,KIHDOX_FSR,bandgap_5.5_to_6.0eV,Zn,4.543936,1.06809,2.10466,1.516446204,875.5326904,94
qmof-857f34a,LIGZIN_FSR,bandgap_5.5_to_6.0eV,Cd,4.185075,1.1421,2.56845,2.286279119,1079.485496,112
qmof-9ca48a0,AQOFUI_FSR,bandgap_5.5_to_6.0eV,Cd,4.105092,1.21191,2.86031,2.155309432,513.8200506,40
qmof-a23b78e,OJOZOE_FSR,bandgap_5.5_to_6.0eV,Gd,3.745215,2.27485,2.90239,2.209371492,642.4547256,58
qmof-bfddfcd,FATRUP_FSR,bandgap_5.5_to_6.0eV,Cd,4.19447,1.22178,1.70695,2.356011179,872.3577758,72
qmof-956f0fd,MISHAY_FSR,bandgap_5.5_to_6.0eV,Cd,4.243022,1.02934,2.261,2.123917344,620.1515409,58
qmof-054fe48,NOKPAF_FSR,bandgap_5.5_to_6.0eV,Zn,4.073775,1.613,3.20557,1.831950337,1504.847328,136
qmof-e05ace4,XIFXUG_FSR,bandgap_5.5_to_6.0eV,Mg,4.04743,0.89528,1.55895,2.006190716,285.3537438,30
qmof-db56513,XOTTAC_FSR,bandgap_5.5_to_6.0eV,Cd,4.174648,0.80945,1.3906,2.280002702,531.0775195,54
qmof-81894a6,ECIHIK_FSR,bandgap_5.5_to_6.0eV,Zn,4.08141,1.07814,2.16719,1.799812141,696.8616374,70
qmof-eb1fb4c,VAMJAU_FSR,bandgap_5.5_to_6.0eV,Li,4.669424,0.9391,1.57696,2.20726973,291.8095923,28
qmof-8f2ae02,XESBUT_FSR,bandgap_5.5_to_6.0eV,Cd,4.416803,1.08539,1.78386,1.881677078,323.5637865,33
qmof-dd89c20,HORXAN_FSR,bandgap_5.5_to_6.0eV,Na,4.412058,1.02045,2.05837,1.413509408,1193.709709,120
qmof-1700e53,LUGWAM_FSR,bandgap_5.5_to_6.0eV,Cd,4.055129,0.87806,2.26513,2.326554028,815.1749493,86
qmof-8781cc3,NAMHEP_FSR,bandgap_5.5_to_6.0eV,Na,4.092045,0.8898,1.30347,1.915525174,565.4203098,58
qmof-7f7b053,XAFXOT_FSR,bandgap_5.5_to_6.0eV,La,3.847027,4.05034,4.40279,1.944077857,852.7160913,80
qmof-aa83c13,HEVRAC_FSR,bandgap_5.5_to_6.0eV,Cd,3.848024,0.78817,1.73042,3.341463184,551.7551654,50
qmof-144f0d1,IDUQUV_FSR,bandgap_5.5_to_6.0eV,Ba,4.32624,0.78724,1.89155,2.327732058,492.8874909,46
qmof-9da79ba,QQQBDJ04_FSR,bandgap_5.5_to_6.0eV,Mg,3.806386,1.01383,1.36586,1.878098897,262.3382006,26
qmof-ade9957,REGLUM_FSR,bandgap_5.5_to_6.0eV,Cd,4.136815,0.98409,3.54007,2.3630197,757.5019519,66
qmof-8792b44,DIDQEM_FSR,bandgap_5.5_to_6.0eV,Cd,4.521627,1.31769,1.9918,1.905494358,859.4206692,68
qmof-126e41c,EHETER01_FSR,bandgap_5.5_to_6.0eV,Zn,4.587663,1.01881,1.82882,1.610287544,790.8961162,87
qmof-85f8fb2,PAJFEL_FSR,bandgap_5.5_to_6.0eV,Na,4.226602,0.9671,1.87915,1.593234703,584.0938576,64
qmof-28949da,KUQYIF_FSR,bandgap_5.5_to_6.0eV,Na,3.915298,1.0928,2.46138,1.881411728,1082.393149,116
qmof-0bc2115,REVFOO_FSR,bandgap_5.5_to_6.0eV,Cd,4.342628,1.01931,1.67273,2.357003824,807.1933107,76
qmof-f43bf7e,ICUDOC_FSR,bandgap_5.5_to_6.0eV,Li,3.898701,0.84657,2.09698,1.551430211,346.6855489,32
qmof-3151dac,UFODAW_FSR,bandgap_5.5_to_6.0eV,Sm,4.035234,1.17512,4.04481,2.417118412,557.111951,53
qmof-14210e6,IMACZN01_FSR,bandgap_5.5_to_6.0eV,Zn,4.215801,3.2485,4.58134,1.414837245,773.6736567,62
qmof-6ef2062,ROKZOI01_FSR,bandgap_5.5_to_6.0eV,Pb,4.216405,1.30068,1.99562,2.069819399,701.9810241,78
qmof-918b373,HUHHEY_FSR,bandgap_5.5_to_6.0eV,Cd,4.283993,2.18023,3.22606,1.929524231,806.9878929,69
qmof-db2d084,NIJZIQ_FSR,bandgap_5.5_to_6.0eV,Cd,4.219773,1.1561,2.3202,1.676370179,1134.840431,102
qmof-3076706,UFOCID_FSR,bandgap_5.5_to_6.0eV,Y,4.035712,1.16669,4.0153,2.104531071,542.8817547,53
qmof-c8c5913,TAHFUF_FSR,bandgap_5.5_to_6.0eV,Ba,4.194702,0.84361,2.69025,2.583605631,723.5307983,68
qmof-d51ae11,XAFYEK_FSR,bandgap_5.5_to_6.0eV,Ho,3.834401,1.08949,3.13122,2.11868553,823.2354481,80
qmof-2b46da3,NEWCUP_FSR,bandgap_5.5_to_6.0eV,Cd,4.162115,0.79128,2.24348,1.81930492,1608.978979,148
qmof-81999f9,TAKREF_FSR,bandgap_5.5_to_6.0eV,Cd,4.05397,1.16926,1.83475,2.007068911,666.3176428,78
qmof-1b305ca,CUMJEB_FSR,bandgap_5.5_to_6.0eV,Cd,4.18411,4.22579,4.96598,1.983960793,1464.151338,114
qmof-a880cf1,NENLEZ_FSR,bandgap_5.5_to_6.0eV,K,4.60076,0.59057,1.89074,1.598559798,695.0374867,60
qmof-bc155dc,JEXPOS_FSR,bandgap_5.5_to_6.0eV,Mn,2.509992,0.71291,1.46226,2.497203975,323.1050773,34
qmof-9445ed4,BILNOB_FSR,bandgap_5.5_to_6.0eV,Cd,4.246143,1.15043,2.30118,2.369924057,847.6340114,80
qmof-c7403de,KOPBEW_FSR,bandgap_5.5_to_6.0eV,Cd,4.382677,0.9756,1.50767,1.869938384,819.055151,92
qmof-0beae43,ERUVEU_FSR,bandgap_5.5_to_6.0eV,Cd,4.303963,2.90662,3.20024,2.194020837,882.6469955,76
qmof-20b6e60,HOYQAP_FSR,bandgap_5.5_to_6.0eV,Zn,4.287013,1.09492,2.70215,1.923863445,609.4001567,56
qmof-7a1656c,PONSEQ_FSR,bandgap_5.5_to_6.0eV,La,4.018833,1.14355,1.81694,2.069202043,1250.221004,120
qmof-b324a8c,FIJFAG_FSR,bandgap_6.0_to_6.5eV,Zn,4.265576,1.0024,1.72106,2.129202419,684.8324237,72
qmof-9384b06,BEZSIK_FSR,bandgap_6.0_to_6.5eV,Bi,4.728416,0.8197,1.39266,3.071774228,1140.148295,112
qmof-5fd0b66,HUHGUN_FSR,bandgap_6.0_to_6.5eV,Zn,4.816059,0.99417,3.0756,1.997172034,763.3902638,68
qmof-da10e7b,QOSXON_FSR,bandgap_6.0_to_6.5eV,Ca,4.583396,1.32841,2.03172,1.708217035,505.8947366,54
qmof-74c20e7,RUGJEK_FSR,bandgap_6.0_to_6.5eV,Lu,4.521339,0.84586,1.34122,2.766346095,240.1661208,25
qmof-f7a818d,SOHYIZ_FSR,bandgap_6.0_to_6.5eV,Cs,4.542947,0.72595,1.58912,2.395769202,898.1303584,88
qmof-3cc7791,GAFXIV_FSR,bandgap_6.0_to_6.5eV,Y,4.497901,1.42296,2.82273,2.075235108,899.4841037,88
qmof-eeac529,UNISIU01_FSR,bandgap_6.0_to_6.5eV,Li,4.398827,0.80217,1.43822,1.829668081,587.9300619,64
qmof-c9fc4e7,RATDAS01_FSR,bandgap_6.0_to_6.5eV,Zn,4.347179,1.26563,2.73425,2.380258594,1301.307191,108
qmof-93c4073,LUGVUF_FSR,bandgap_6.0_to_6.5eV,Zn,4.232512,0.87007,2.7676,2.12328211,1379.650515,148
qmof-a7e57bb,RURJIZ_FSR,bandgap_6.0_to_6.5eV,Pr,4.556292,1.91552,2.71153,2.91708428,700.1275734,64
qmof-d81ae1a,VAVFUU02_FSR,bandgap_6.0_to_6.5eV,Zn,4.350624,0.90971,1.86832,2.390453126,848.1133718,90
qmof-40b4231,XIBPII_FSR,bandgap_6.0_to_6.5eV,Na,4.618594,1.01391,2.21335,1.900017494,295.5231183,30
qmof-968a6c5,CUGREC_FSR,bandgap_6.0_to_6.5eV,Ca,4.409672,0.908,1.61561,2.21642081,563.8436473,60
qmof-1478a84,PEKCOX01_FSR,bandgap_6.0_to_6.5eV,Li,4.596626,0.95636,1.55421,1.561133416,651.2344415,76
qmof-e834939,KIJSII_FSR,bandgap_6.0_to_6.5eV,Zn,4.485891,1.15315,1.99621,1.702835896,1195.640782,116
qmof-6cdd83e,XAHZIQ_FSR,bandgap_6.0_to_6.5eV,Cs,4.38849,0.77366,2.06646,2.566420514,729.8040676,64
qmof-5fd4397,RINFEB_FSR,bandgap_6.0_to_6.5eV,Pr,4.616828,0.92804,2.40012,3.099225855,688.0020386,62
qmof-5d6af87,TECSOJ_FSR,bandgap_6.0_to_6.5eV,Ca,4.433869,1.09084,1.96942,1.801941374,464.8377523,53
qmof-c42d76c,LECCON_FSR,bandgap_6.0_to_6.5eV,Dy,4.516523,0.86449,1.67828,2.906127671,794.4855196,88
qmof-ba5d99e,WOQXIJ_FSR,bandgap_6.0_to_6.5eV,Cd,4.35799,0.82145,1.71214,2.50131477,702.4071835,76
qmof-5eac041,GAFXOB_FSR,bandgap_6.0_to_6.5eV,La,4.333918,1.44302,2.97257,2.258439666,973.5687491,88
qmof-e1e57f0,UNIRUF01_FSR,bandgap_6.0_to_6.5eV,Li,4.297102,0.89149,1.60008,1.798088805,299.1278477,32
qmof-10b52ba,ITIPAE_FSR,bandgap_6.0_to_6.5eV,Zn,4.505496,3.60438,4.84382,1.845749611,1678.151579,108
qmof-0e22315,RUGJAG_FSR,bandgap_6.0_to_6.5eV,Yb,4.541855,0.85697,1.36114,2.726494134,242.5029064,25
qmof-6eb895d,COQWUC_FSR,bandgap_6.0_to_6.5eV,Zn,4.557602,1.12411,2.2783,1.884657383,887.6617702,78
qmof-01f8adf,AZATIE_FSR,bandgap_6.0_to_6.5eV,Ca,4.55489,1.02665,2.1795,1.718323118,588.0710468,62
qmof-bad4c4a,JIPLAW_FSR,bandgap_6.0_to_6.5eV,Pr,4.24966,1.971,3.88716,1.717414143,847.2675239,76
qmof-4770f5f,JATKIB_FSR,bandgap_6.0_to_6.5eV,Sn,4.742915,0.93873,1.70043,1.844842287,455.2400318,48
qmof-b24889c,FARCAC_FSR,bandgap_6.0_to_6.5eV,Mg,4.388187,2.14509,2.65939,1.604142488,792.6086599,84
qmof-0cd5578,OQUWOO_FSR,bandgap_6.0_to_6.5eV,K,4.450414,0.87443,2.13936,1.742653582,1095.997555,108
qmof-fe6d194,JIPMEB_FSR,bandgap_6.0_to_6.5eV,Tm,4.155533,1.22807,2.05399,2.446758184,469.7289375,44
qmof-4667835,JIPLOK_FSR,bandgap_6.0_to_6.5eV,Nd,4.552305,1.37766,3.8807,1.75042242,723.6799527,60
qmof-14f8281,VEWMEP_FSR,bandgap_6.0_to_6.5eV,Sr,4.540974,0.76282,1.45392,2.159892326,838.7759126,96
qmof-ceaab2d,CODVUO_FSR,bandgap_6.0_to_6.5eV,Cs,4.891788,1.25348,2.77784,1.808471363,1169.902635,104
qmof-0ca5226,BABTOP_FSR,bandgap_6.0_to_6.5eV,Ca,4.495192,0.68619,1.29526,1.825198351,444.3674973,46
qmof-450cfae,XIQTAV_FSR,bandgap_6.0_to_6.5eV,Zn,4.780055,1.20419,2.08201,1.923064891,889.4663516,88
qmof-e9a379a,FIGXAU_FSR,bandgap_6.0_to_6.5eV,Er,4.565649,0.87657,1.37806,2.651999608,245.6950496,25
qmof-2f2b6f8,GEKJUB_FSR,bandgap_6.0_to_6.5eV,Na,4.810807,1.19997,2.09051,1.822086545,1035.528591,100
qmof-bb9be5b,PEYKIN_FSR,bandgap_6.0_to_6.5eV,Li,5.082018,1.01115,2.20587,1.686774287,1251.827858,120
qmof-fb472cc,NAZXUK_FSR,bandgap_6.0_to_6.5eV,Nd,4.351621,0.82543,1.94977,2.537731684,966.7800132,100
qmof-a81b7c9,RUDVAO_FSR,bandgap_6.0_to_6.5eV,Zn,4.244749,1.00979,1.93815,1.829092268,1153.316193,108
qmof-ba9234b,XAHZEM_FSR,bandgap_6.0_to_6.5eV,Rb,4.361313,0.5296,1.84644,2.292457715,679.5745121,64
qmof-acbcce6,KOGHEU_FSR,bandgap_6.0_to_6.5eV,Cd,4.315486,0.80164,2.45714,2.770863629,586.0596497,56
qmof-aaf4daf,MABBEZ_FSR,bandgap_6.0_to_6.5eV,K,4.454873,0.64554,1.22515,2.054035229,469.3506243,42
qmof-74b2b06,MAKSUN_FSR,bandgap_6.0_to_6.5eV,Zn,4.670309,1.00165,2.2724,1.817992206,815.6420622,82
qmof-0088633,NAKYUV_FSR,bandgap_6.0_to_6.5eV,Na,4.261982,0.45018,1.62188,1.908536005,967.9367458,104
qmof-05dadc1,ROZXAH_FSR,bandgap_6.0_to_6.5eV,Al,4.556513,0.91572,1.61974,2.064971855,784.3074286,88
qmof-74d41f7,CIJWID_FSR,bandgap_6.0_to_6.5eV,Zn,4.790784,1.08376,2.75586,1.602476476,1316.578342,124
qmof-12380d1,XUMVOS_FSR,bandgap_6.0_to_6.5eV,Ba,4.431264,1.31226,1.71282,2.533079499,400.4430071,40
qmof-8228f8b,SEYWIC_FSR,bandgap_6.5_to_7.0eV,Zn,5.103645,1.19075,2.1895,1.913800315,1007.94931,92
qmof-e4e4393,BIYHIB_FSR,bandgap_6.5_to_7.0eV,Er,4.690464,0.79286,1.85688,2.884874129,861.961516,88
qmof-20ce10c,KEKLIY_FSR,bandgap_6.5_to_7.0eV,Zn,4.647607,1.24905,1.63634,2.351474218,701.8351905,72
qmof-4f0b980,KOBBUY_FSR,bandgap_6.5_to_7.0eV,Ca,4.707966,0.84203,1.55114,1.76829384,488.7910071,56
qmof-7a9a971,ROTPEX_FSR,bandgap_6.5_to_7.0eV,Ba,4.724404,0.73689,2.16173,2.514422317,806.8286418,80
qmof-dfa9a2b,HUJSOV_FSR,bandgap_6.5_to_7.0eV,Dy,4.678629,1.13977,2.03336,2.323424591,1062.533411,112
qmof-9dca13d,DORFOG_FSR,bandgap_6.5_to_7.0eV,Mg,4.870128,1.94161,2.62522,1.59768883,799.9042955,80
qmof-70e9f69,CUMBAO_FSR,bandgap_6.5_to_7.0eV,Zn,4.632001,0.66477,1.64492,2.161378565,714.5793173,84
qmof-78cba0b,SAPKUR_FSR,bandgap_6.5_to_7.0eV,Nd,4.777955,0.9248,1.60037,2.953953572,1467.686598,148
qmof-8804440,MISKOR_FSR,bandgap_6.5_to_7.0eV,Li,5.101914,1.09886,2.37097,1.426127871,733.6663845,76
qmof-6d3ca8c,ELOFAM_FSR,bandgap_6.5_to_7.0eV,Ca,5.080338,1.11748,1.73081,1.754094134,787.9070179,72
qmof-0094362,SOGXES_FSR,bandgap_6.5_to_7.0eV,Ba,4.931734,0.81442,2.00078,2.734158264,795.2949422,76
qmof-d81ebae,RIWGEJ_FSR,bandgap_6.5_to_7.0eV,Ca,4.944738,1.11602,1.7847,1.856418091,529.8582937,58
qmof-c4a1c17,CAGLIS11_FSR,bandgap_6.5_to_7.0eV,Ca,4.731505,0.71653,1.92222,1.750157347,755.9496203,94
qmof-bb23f24,REKXOW01_FSR,bandgap_6.5_to_7.0eV,Zn,5.08965,1.38661,1.85536,1.930857216,360.3994342,38
qmof-5c43327,QOTZOP_FSR,bandgap_6.5_to_7.0eV,Zn,5.022632,1.44278,1.99163,1.875225768,834.4079983,92
qmof-ee1a4a9,IYUCIP_FSR,bandgap_6.5_to_7.0eV,K,5.019976,0.78664,2.68009,2.045325421,531.8399805,45
qmof-9bc55e5,FINQEA_FSR,bandgap_6.5_to_7.0eV,Zn,4.767411,0.93458,1.80279,1.867747594,1296.462521,140
qmof-f4581c4,MGFORD01_FSR,bandgap_6.5_to_7.0eV,Mg,4.946483,0.86703,1.69995,1.761847816,566.8957052,60
qmof-20fefbe,GAFPIO_FSR,bandgap_6.5_to_7.0eV,Sm,4.922431,0.82771,1.55768,2.776562229,1032.455591,114
qmof-8d641bc,IDAQEL_FSR,bandgap_6.5_to_7.0eV,Li,4.667139,1.25533,2.15206,1.382805052,1028.608689,120
qmof-31e37cb,HEDNOT_FSR,bandgap_6.5_to_7.0eV,Zn,4.739243,1.02317,1.99357,1.958825046,574.7283483,56
qmof-96c10f1,QOTDUZ_FSR,bandgap_6.5_to_7.0eV,Ca,4.808203,0.85574,1.57794,1.941070059,780.7113389,84
qmof-68e5457,TUZYOD01_FSR,bandgap_6.5_to_7.0eV,Mg,4.945807,0.58638,1.3401,2.211880899,643.6840489,76
qmof-659d5f8,LAYZIX_FSR,bandgap_6.5_to_7.0eV,Lu,4.678813,1.01477,1.41351,3.104893292,370.1443436,38
qmof-1339194,SOQRAS_FSR,bandgap_6.5_to_7.0eV,Zn,4.777265,0.93452,1.88535,2.249576819,633.2028506,56
qmof-49a30b9,DEKZUQ_FSR,bandgap_6.5_to_7.0eV,Ba,4.793448,1.15731,3.16277,1.782746332,1264.86014,112
qmof-ee6ac99,NOKFOI_FSR,bandgap_6.5_to_7.0eV,Mg,4.908605,0.79882,1.88246,1.638641918,917.9644268,112
qmof-97ae29f,BEJXAP01_FSR,bandgap_6.5_to_7.0eV,La,4.524469,1.56477,2.55667,2.117284282,1047.960816,100
qmof-de11207,KHACET02_FSR,bandgap_6.5_to_7.0eV,K,4.854413,0.91303,1.56131,1.549114948,678.2912588,64
qmof-fd7b178,GAFPEK_FSR,bandgap_6.5_to_7.0eV,Nd,4.915663,0.85786,1.57829,2.69104642,1050.164153,114
qmof-534e590,GAFPAG_FSR,bandgap_6.5_to_7.0eV,Pr,4.901003,0.86398,1.59537,2.648046584,1058.853431,114
qmof-76212a0,BARMOX_FSR,bandgap_6.5_to_7.0eV,Zn,4.8742,0.84587,1.62735,2.050381698,858.4558248,92
qmof-4fcaac7,GAVFEO01_FSR,bandgap_6.5_to_7.0eV,Ca,4.911827,0.67845,1.56521,1.955976901,412.8742495,46
qmof-81ce5ac,FUHYUD_FSR,bandgap_6.5_to_7.0eV,Zn,4.805676,1.13614,2.43754,2.013060552,770.4772454,80
qmof-16d3134,CIMZII_FSR,bandgap_6.5_to_7.0eV,Zn,4.680838,0.76233,1.93573,2.296658872,623.2345001,68
qmof-1009736,QOQMIT01_FSR,bandgap_6.5_to_7.0eV,Zn,5.124495,1.36744,2.44384,1.783949596,438.5503332,46
qmof-51966a1,OKORUC_FSR,bandgap_6.5_to_7.0eV,Na,5.385582,0.88158,2.23246,1.175168805,590.2970353,72
qmof-a49c0de,LAYZOC_FSR,bandgap_6.5_to_7.0eV,Ca,5.030781,1.09254,1.64347,1.758617512,763.6256089,72
qmof-d3b4687,POPQIW_FSR,bandgap_6.5_to_7.0eV,Na,4.742712,0.87299,1.66448,1.622429344,630.8642653,68
qmof-574737f,SIVGIP_FSR,bandgap_6.5_to_7.0eV,Zn,5.306719,3.77579,5.10389,1.126981272,682.3589327,38
qmof-99155ad,CATART03_FSR,bandgap_6.5_to_7.0eV,Ca,4.870314,1.77584,2.60637,1.704465355,873.608489,84
qmof-47144b2,NOGMAY_FSR,bandgap_6.5_to_7.0eV,Rb,5.186713,0.87276,1.74368,2.320741817,663.3446326,42
qmof-ea2f7b2,IGIZIJ_FSR,bandgap_6.5_to_7.0eV,Ba,5.220608,1.00022,3.37892,2.77105404,1227.274548,108
qmof-de509d5,NEMNUO_FSR,bandgap_6.5_to_7.0eV,Zn,4.989886,1.16666,1.74291,1.674041209,942.6847799,100
qmof-5a531c0,YEMTIT_FSR,bandgap_6.5_to_7.0eV,Y,5.011314,0.94226,2.06426,1.84517154,611.0148887,60
qmof-49dc93d,LICSUM_FSR,bandgap_6.5_to_7.0eV,Mg,4.670638,0.74532,1.63796,1.845405862,627.6873161,68
qmof-79529d8,CAKLOR_FSR,bandgap_6.5_to_7.0eV,Zn,4.875313,0.98414,1.63218,1.934090553,719.5938652,76
qmof-e2ec095,DULSIN01_FSR,bandgap_6.5_to_7.0eV,Na,4.625935,0.54962,1.54431,1.882803044,335.2892642,38
qmof-e9836d3,XUYTES_FSR,bandgap_6.5_to_7.0eV,Zn,4.985165,1.77358,3.21404,1.809097058,747.1243676,72
qmof-ad9b461,LICDOX01_FSR,bandgap_7.0_to_7.5eV,Li,5.52157,0.83017,1.79947,1.409370832,615.0230501,64
qmof-0f0c1d0,HEBTOA_FSR,bandgap_7.0_to_7.5eV,Na,5.184209,0.11472,0.78371,2.364108679,439.761737,44
qmof-03f76d4,AMORUQ_FSR,bandgap_7.0_to_7.5eV,Pr,5.501479,1.24955,2.27494,2.485976502,999.4439914,96
qmof-ae0f40c,QABGEF_FSR,bandgap_7.0_to_7.5eV,Li,5.845762,0.88339,1.9869,1.113214266,1143.952958,136
qmof-e4e7c8a,LAPJES_FSR,bandgap_7.0_to_7.5eV,Li,5.731767,0.93604,1.91776,1.431498658,1057.545359,116
qmof-d16a680,PIRSUG_FSR,bandgap_7.0_to_7.5eV,Cs,5.395605,0.96973,1.81369,2.257247983,1025.53493,104
qmof-78ccc0f,DORREI_FSR,bandgap_7.0_to_7.5eV,Na,5.709182,1.33591,2.21114,1.697875908,538.3144218,57
qmof-2edacf2,OSAXOW01_FSR,bandgap_7.0_to_7.5eV,Li,5.12662,1.03275,1.90224,1.285102661,486.0438824,56
qmof-63babd7,AMOROK_FSR,bandgap_7.0_to_7.5eV,Sm,5.536122,1.2025,2.21074,2.625005884,970.4276397,96
qmof-4df7a58,XAYYUR02_FSR,bandgap_7.0_to_7.5eV,Zn,5.332355,0.88722,1.71896,2.501267772,465.8785581,48
qmof-22501f6,RUBGAX_FSR,bandgap_7.0_to_7.5eV,Sr,5.485102,0.78187,1.95287,2.691376671,830.5447534,74
qmof-cc6fd4d,QUTQAY_FSR,bandgap_7.0_to_7.5eV,Zn,5.367215,1.35256,2.01436,2.036393351,1020.231815,120
qmof-baa9e72,HIWXIV_FSR,bandgap_7.0_to_7.5eV,Li,5.799119,0.88772,1.7321,1.021824954,610.3086401,76
qmof-679e2ca,ODOSEI_FSR,bandgap_7.0_to_7.5eV,Na,5.603138,1.17189,1.43861,1.862073998,506.9111996,60
qmof-9074759,HOCMIV_FSR,bandgap_7.0_to_7.5eV,Li,5.420265,0.90922,2.17093,1.309600877,1161.460787,120
qmof-cf00f6e,MUNJEK_FSR,bandgap_7.0_to_7.5eV,Zn,5.412524,0.85784,1.6756,2.191564483,455.3425026,50
qmof-83d54f4,NAACET05_FSR,bandgap_7.0_to_7.5eV,Na,5.118831,0.80772,1.47508,1.516911447,595.8569067,68
qmof-8173fb9,OYERAM_FSR,bandgap_7.0_to_7.5eV,Zn,5.211824,0.62013,1.22512,2.242370404,464.5881145,54
qmof-76c8ad5,ISAROJ01_FSR,bandgap_7.0_to_7.5eV,K,5.332079,1.1138,2.00178,1.577208329,944.1351636,100
qmof-b96fb0a,NECCIK_FSR,bandgap_7.0_to_7.5eV,K,5.334362,0.93637,2.36453,1.856933511,1596.290986,148
qmof-380359a,IHUZAO_FSR,bandgap_8.0_to_8.5eV,Li,6.445777,1.11589,1.75757,1.637135128,705.2745587,64
