qmof_id,name,analysis_bin,primary_metal,outputs.hse06.bandgap,zeo_pld,zeo_lcd,zeo_density,zeo_volume,zeo_natoms
qmof-7cefc8c,OKECUE_FSR,bandgap_0_to_0.5eV,Cd,0.144547,1.33186,3.24436,1.653550726,1140.413002,100
qmof-46e13c3,JIPRIM_FSR,bandgap_0_to_0.5eV,K,0.074393,1.9735,3.20754,1.384506544,839.0014783,67
qmof-3a0f684,PILPAD_FSR,bandgap_0_to_0.5eV,Cd,0.287359,1.36304,3.15388,2.092266825,1148.249884,101
qmof-cb9b730,ISOQEM01_FSR,bandgap_0_to_0.5eV,Cu,0.442381,0.91417,2.30369,2.308505283,635.2824823,58
qmof-62dbb8e,DORWAK_FSR,bandgap_0_to_0.5eV,Cu,0.338369,1.81242,2.27715,1.387196323,1000.727957,106
qmof-0d0a55e,PODMUR_FSR,bandgap_0_to_0.5eV,Cu,0.090002,0.85511,1.54124,2.235255239,679.9038149,62
qmof-2ea7167,EKESOC_FSR,bandgap_0_to_0.5eV,Cu,0.407423,0.88414,1.491,1.837723272,512.8188602,64
qmof-aa82d3e,GIWTUB_FSR,bandgap_0_to_0.5eV,Cu,0.173871,0.83266,1.91365,1.636135907,726.2824329,78
qmof-d0bb092,LALQEW_FSR,bandgap_0_to_0.5eV,Cd,0.296337,0.97037,3.19369,1.987953644,976.5728664,82
qmof-80d14e6,SEHDAM_FSR,bandgap_0_to_0.5eV,Cd,0.266776,1.18037,3.22357,1.644955375,1324.274665,122
qmof-8cfc29d,REJKUN_FSR,bandgap_0_to_0.5eV,Cu,0.243604,1.17171,2.06316,2.251534621,442.8726402,40
qmof-aaa4160,XUGQUM_FSR,bandgap_0_to_0.5eV,Ag,0.094199,0.98715,1.63027,2.239917855,682.283175,62
qmof-214ad37,KARSAY_FSR,bandgap_0_to_0.5eV,Ag,0.430833,1.01079,2.04678,1.872393194,757.1635857,77
qmof-606ca52,OVIVOF_FSR,bandgap_0_to_0.5eV,Cd,0.121877,1.77133,3.03364,1.892250876,1404.253928,112
qmof-54114ac,BIHZID_FSR,bandgap_0_to_0.5eV,Hg,0.349113,1.06917,1.66468,3.036162778,415.2371421,34
qmof-d2f6719,OFEGUD_FSR,bandgap_0_to_0.5eV,Cd,0.36268,1.0544,2.47646,1.912083932,1170.714943,111
qmof-c031960,DICVUI_FSR,bandgap_0_to_0.5eV,Cu,0.123871,1.69068,2.89675,2.781349678,912.9317974,59
qmof-f94dd0a,YORKAS_FSR,bandgap_0_to_0.5eV,Cu,0.138975,1.15084,3.64268,1.651483863,898.7088934,78
qmof-d7b29f8,HUGLUS_FSR,bandgap_0_to_0.5eV,Ga,0.175346,1.71813,3.79923,1.665516905,1898.133277,148
qmof-1dc08c3,PIDZEI_FSR,bandgap_0_to_0.5eV,K,0.024764,0.95716,1.77393,1.471237661,1120.979377,108
qmof-4241a3d,WOLKUF_FSR,bandgap_0_to_0.5eV,Zn,0.403654,1.00186,2.22464,2.049005753,930.6528522,88
qmof-1b4e871,PAZXOD_FSR,bandgap_0_to_0.5eV,Cr,0.474993,0.904,2.64822,2.290282954,634.6884357,56
qmof-aca3388,ILEDIO_FSR,bandgap_0_to_0.5eV,Co,0.459148,1.64627,4.2196,1.087607203,1043.990723,99
qmof-dbb4b69,OXAZIX_FSR,bandgap_0_to_0.5eV,Pr,0.111886,1.19813,2.5282,2.387130678,951.7247298,88
qmof-f40f3e7,DOTZIX_FSR,bandgap_0_to_0.5eV,Co,0.460424,1.48086,3.89616,1.105378388,1024.178142,97
qmof-4bb9ee9,DOTYUI01_FSR,bandgap_0_to_0.5eV,Co,0.076128,1.34316,3.92753,1.12915899,1005.514562,95
qmof-afd3d78,QEKLEZ_FSR,bandgap_0_to_0.5eV,Cd,0.135832,0.80098,2.16291,1.887610041,865.1554643,84
qmof-93cbc2c,PEWFEE_FSR,bandgap_0_to_0.5eV,Cu,0.055805,0.97408,2.09814,3.392561733,285.696502,24
qmof-e79aee6,HISGEX_FSR,bandgap_0_to_0.5eV,Rb,0.112881,0.693,1.7235,1.83920504,703.7634917,60
qmof-c8c6644,HAFQOW_FSR,bandgap_0_to_0.5eV,Al,0.462275,1.09181,1.98342,1.627484576,1478.78246,128
qmof-9f865ef,HAFQUC_FSR,bandgap_0_to_0.5eV,Al,0.428368,1.15918,2.06772,1.689063053,1480.029047,140
qmof-b311e90,UTIHAH_FSR,bandgap_0_to_0.5eV,Cu,0.102354,1.02029,1.41777,1.818051293,625.9648664,54
qmof-c9f9a46,PASQUX_FSR,bandgap_0.5_to_1.0eV,Cu,0.823284,1.07488,1.90806,1.910195642,594.1923401,62
qmof-c054f0b,YAKLIF_FSR,bandgap_0.5_to_1.0eV,Cu,0.610842,0.86452,1.34625,2.322523062,389.9839909,30
qmof-0c21f93,WOFYIB_FSR,bandgap_0.5_to_1.0eV,Co,0.978452,0.99306,1.96146,1.821868146,897.500372,84
qmof-1f7d79e,CENLEP_FSR,bandgap_0.5_to_1.0eV,Cu,0.996215,1.10078,2.10368,3.511351801,348.9705981,24
qmof-2bd5eb8,COQTAE_FSR,bandgap_0.5_to_1.0eV,K,0.745165,1.1527,2.0693,1.456041115,1128.48864,108
qmof-043bf63,JETLEC_FSR,bandgap_0.5_to_1.0eV,Cu,0.950758,0.95718,1.85503,2.219289117,1139.316577,100
qmof-9b0ccbd,BETGUF_FSR,bandgap_0.5_to_1.0eV,Cu,0.728773,1.36328,2.70936,2.474031757,924.6978361,82
qmof-462389a,KCLNLA01_FSR,bandgap_0.5_to_1.0eV,K,0.983114,1.01141,1.77495,1.779961966,1280.144159,92
qmof-230a690,WIHQEM_FSR,bandgap_0.5_to_1.0eV,Cu,0.637243,1.26027,2.89262,2.015472564,720.963791,52
qmof-c8cd84e,NOQBUS_FSR,bandgap_0.5_to_1.0eV,Co,0.685876,0.88026,2.36572,1.595534609,796.7752362,83
qmof-7311839,BISVUW_FSR,bandgap_0.5_to_1.0eV,Ag,0.702112,0.75996,1.82955,2.634073841,592.3901994,42
qmof-287a882,UHOCEB02_FSR,bandgap_0.5_to_1.0eV,Cu,0.852953,0.79158,1.98621,2.044614481,814.4295998,80
qmof-1b8f727,DEZZUE_FSR,bandgap_0.5_to_1.0eV,Cu,0.855535,1.49598,3.20738,1.945051854,371.6200334,32
qmof-1cfa94a,BADXEJ01_FSR,bandgap_0.5_to_1.0eV,Cu,0.56363,0.75169,1.43453,2.23720437,340.7684934,30
qmof-c6fb628,MICRAU_FSR,bandgap_0.5_to_1.0eV,Cu,0.89764,1.57273,3.82429,1.399495828,970.3787335,80
qmof-3d26180,SIPYUM_FSR,bandgap_0.5_to_1.0eV,Cu,0.989174,0.85259,2.54734,1.916886685,607.645544,60
qmof-926eb2f,PODNAY_FSR,bandgap_0.5_to_1.0eV,Cu,0.932052,1.40343,2.29808,1.633705865,607.3382606,58
qmof-e7b175c,FORWUF01_FSR,bandgap_0.5_to_1.0eV,Fe,0.705815,1.2445,2.2518,1.930766784,658.6768632,72
qmof-0fcda30,HACWIR02_FSR,bandgap_0.5_to_1.0eV,Mn,0.86776,0.8958,1.59648,2.026426092,637.7490637,62
qmof-545e186,MOJWUF_FSR,bandgap_0.5_to_1.0eV,Zn,0.510711,1.14142,1.69275,1.736025326,1166.712163,122
qmof-d928e40,NEKTEE_FSR,bandgap_0.5_to_1.0eV,Mn,0.714397,0.94038,1.97183,1.5311022,1243.880524,124
qmof-2b29f90,ELIMOC_FSR,bandgap_0.5_to_1.0eV,Mn,0.921217,0.93687,2.08527,1.675318733,435.4449572,49
qmof-12544e7,PITVOD_FSR,bandgap_0.5_to_1.0eV,Mn,0.54935,1.32498,5.28504,0.975222481,980.159978,83
qmof-4a4b090,CEMPAN_FSR,bandgap_0.5_to_1.0eV,Cu,0.535724,1.42313,2.35719,2.352863549,1198.398056,106
qmof-a3a6bff,LAFRUG_FSR,bandgap_0.5_to_1.0eV,Cu,0.605963,0.90748,1.70726,2.105982889,913.6739912,92
qmof-3767e26,ETETON_FSR,bandgap_0.5_to_1.0eV,K,0.968151,0.89158,2.0024,2.561741091,1350.491617,92
qmof-d42c622,SOQVOK_FSR,bandgap_1.0_to_1.5eV,Mn,1.282428,1.77975,2.23029,1.774924692,467.1221471,49
qmof-3feeaa5,MIJKIA_FSR,bandgap_1.0_to_1.5eV,Mn,1.383046,0.97475,2.1891,1.754769041,706.3836098,70
qmof-5bf0c2a,QOCHAR_FSR,bandgap_1.0_to_1.5eV,Cd,1.386633,1.41252,2.47116,2.40084598,491.6359749,38
qmof-0aea5e3,JUSXUQ_FSR,bandgap_1.0_to_1.5eV,Mn,1.417895,1.06382,2.26888,1.525685116,362.6967083,39
qmof-6f98772,CUTCIF_FSR,bandgap_1.0_to_1.5eV,Mn,1.147687,1.01138,2.67316,1.564563132,610.6715266,55
qmof-2cdc589,GEHMOW_FSR,bandgap_1.0_to_1.5eV,Cu,1.355907,1.15013,1.84875,1.882380148,517.2151032,44
qmof-2b2d255,OXCFOR_FSR,bandgap_1.0_to_1.5eV,Co,1.13423,0.83657,2.6794,2.951446705,404.9167863,36
qmof-8b33bc9,DIDYUM_FSR,bandgap_1.0_to_1.5eV,Cu,1.473936,1.02381,2.79617,2.099899173,730.3003081,64
qmof-10ff507,HICQIW_FSR,bandgap_1.0_to_1.5eV,Mn,1.232662,1.20878,2.83717,1.466699837,1153.479433,114
qmof-663129a,RESGUU_FSR,bandgap_1.0_to_1.5eV,Li,1.250818,1.14308,2.73024,1.544179085,989.7443264,104
qmof-a471706,SIWHAI_FSR,bandgap_1.0_to_1.5eV,Cu,1.028926,1.18981,2.12311,1.773164541,471.4704442,52
qmof-37e26c7,PATHOI_FSR,bandgap_1.0_to_1.5eV,Cu,1.430009,1.06163,2.50076,1.951828295,844.4617321,80
qmof-bf12e76,HEWRIK_FSR,bandgap_1.0_to_1.5eV,Cu,1.195746,1.16657,1.73154,2.891781323,322.202394,26
qmof-f906424,GEBZAR_FSR,bandgap_1.0_to_1.5eV,Mn,1.484621,0.85192,2.38327,1.606665803,1042.524686,106
qmof-45d422a,EDAPAC_FSR,bandgap_1.0_to_1.5eV,Cu,1.30669,1.01734,2.25865,1.639924782,1396.599442,132
qmof-c4f3917,DEJGUV_FSR,bandgap_1.0_to_1.5eV,Cu,1.183005,0.86582,1.74905,1.969501602,936.8567124,88
qmof-d0d6fd2,BOKXIK_FSR,bandgap_1.0_to_1.5eV,Cu,1.097606,1.44523,3.31258,1.687918131,796.3077124,56
qmof-4d2d076,CISMOJ_FSR,bandgap_1.0_to_1.5eV,Cu,1.094519,1.10407,1.7399,1.804269,1169.8863,120
qmof-638b408,PENXIQ_FSR,bandgap_1.0_to_1.5eV,Cu,1.006513,0.90124,1.795,2.209437647,332.851887,25
qmof-ba8d316,INIROM_FSR,bandgap_1.0_to_1.5eV,Co,1.250046,0.82803,1.56322,1.746231048,683.1388273,70
qmof-49bc51b,APASAN_FSR,bandgap_1.0_to_1.5eV,Cu,1.064698,0.93973,1.7029,1.827640624,650.2825183,60
qmof-85bc3c6,PUPXII_FSR,bandgap_1.0_to_1.5eV,Mn,1.250871,2.62484,3.28515,1.72484683,585.5585022,52
qmof-932ec8e,QIPPIO_FSR,bandgap_1.0_to_1.5eV,Mn,1.233929,3.75146,4.75301,1.372991575,1436.065982,93
qmof-8bcdd4b,CERKAO_FSR,bandgap_1.0_to_1.5eV,Mn,1.476436,0.74467,1.73597,1.849009517,498.7099284,53
qmof-0d8afa2,MUQWOM_FSR,bandgap_1.0_to_1.5eV,Li,1.319236,1.22373,2.21787,1.608842564,1016.213032,104
qmof-48ff45a,FATLUJ_FSR,bandgap_1.0_to_1.5eV,Cu,1.408519,3.8538,5.02711,1.246908706,1916.686148,142
qmof-1f8e39f,QAFFAF_FSR,bandgap_1.0_to_1.5eV,Mn,1.43868,0.77751,2.39787,1.750320819,730.9400633,78
qmof-a3e45d0,NAJSUM02_FSR,bandgap_1.0_to_1.5eV,Mn,1.312513,1.04073,2.66042,1.843656071,392.8002337,32
qmof-45a6307,WEZNUM_FSR,bandgap_1.0_to_1.5eV,Zn,1.1941,2.24403,2.94191,2.432783934,658.5077973,58
qmof-cafe9dc,GASJES_FSR,bandgap_1.0_to_1.5eV,Cs,1.021865,1.12473,1.76977,1.92642182,775.8350812,62
qmof-c776af3,CAXCAG_FSR,bandgap_1.0_to_1.5eV,Cu,1.050854,1.14013,1.82554,2.014232719,684.7537031,68
qmof-361fd6f,BANHAA_FSR,bandgap_1.0_to_1.5eV,Zn,1.05983,1.23818,2.82061,1.432210501,1358.711694,122
qmof-c8756ec,ODIJES_FSR,bandgap_1.0_to_1.5eV,Mo,1.225668,1.00318,2.04708,1.898678894,533.7338862,54
qmof-16d3687,CUFCEN_FSR,bandgap_1.0_to_1.5eV,Mn,1.112264,2.20072,2.88726,1.864763896,481.0352905,50
qmof-9545770,AFOLIR_FSR,bandgap_1.0_to_1.5eV,Mn,1.237404,1.02591,1.83221,1.661049816,789.4491861,85
qmof-c30e806,HUTWUQ_FSR,bandgap_1.0_to_1.5eV,Mn,1.057093,1.577,2.79818,1.431108029,1240.158261,112
qmof-4fac276,DOJKEU_FSR,bandgap_1.0_to_1.5eV,Mo,1.230046,1.20755,2.07438,1.647364786,865.4208212,82
qmof-b5bdb39,DUMHEZ01_FSR,bandgap_1.0_to_1.5eV,Cu,1.414253,0.97213,1.51566,1.826344344,650.7440678,60
qmof-7192ec8,PIRNAH01_FSR,bandgap_1.0_to_1.5eV,Cs,1.051314,1.04866,1.73113,2.245156928,1171.363155,84
qmof-e59232d,LIYLOU_FSR,bandgap_1.0_to_1.5eV,Mn,1.483571,0.81729,1.38397,1.965386011,476.5663856,46
qmof-d1fec5e,PAQJOG_FSR,bandgap_1.0_to_1.5eV,Mn,1.325158,0.92404,1.67467,1.687591221,813.2515756,82
qmof-cea3393,JEWCIY_FSR,bandgap_1.0_to_1.5eV,Cu,1.023634,1.0875,2.17472,1.801298263,1002.333026,84
qmof-244cb4f,RAMGIX_FSR,bandgap_1.0_to_1.5eV,Zn,1.342986,1.11705,2.02025,1.842519388,1506.681212,116
qmof-7668bea,FABJID_FSR,bandgap_1.0_to_1.5eV,Cu,1.469237,1.65184,2.26092,1.920422318,593.5154894,56
qmof-81dfe71,KALNOA_FSR,bandgap_1.0_to_1.5eV,Cu,1.413766,0.85825,1.93393,2.268460517,1094.083137,100
qmof-0f656a9,IRIGIB_FSR,bandgap_1.0_to_1.5eV,Cu,1.259416,0.8156,1.74662,1.999007414,913.1132733,92
qmof-193431e,YEQQER_FSR,bandgap_1.0_to_1.5eV,Cu,1.247381,1.20882,2.39466,2.761796879,1062.63015,84
qmof-d46ee4f,DAZXOU_FSR,bandgap_1.0_to_1.5eV,Cu,1.327261,0.92985,1.69866,2.182482721,675.9635192,64
qmof-3bba393,LOJPIL_FSR,bandgap_1.0_to_1.5eV,Mo,1.005275,0.75515,1.79558,2.857637663,742.0024538,69
qmof-3600621,CAKTEP_FSR,bandgap_1.0_to_1.5eV,Zn,1.044363,1.13747,2.23746,1.933706433,681.3095015,68
qmof-21a886a,TIZCIR_FSR,bandgap_1.5_to_2.0eV,Cu,1.970179,5.15493,6.35017,1.636847374,784.681399,44
qmof-f1ec197,UNEQOU_FSR,bandgap_1.5_to_2.0eV,Mn,1.995472,0.83397,2.01808,1.616432683,693.9520007,71
qmof-d55dcc4,HORWEQ_FSR,bandgap_1.5_to_2.0eV,Cu,1.961636,1.07854,2.71609,3.325356333,1102.507814,78
qmof-ec24300,GIQYAH_FSR,bandgap_1.5_to_2.0eV,Ru,1.953023,2.6645,3.99553,2.136055822,1366.884849,102
qmof-0be87d2,IXITIS_FSR,bandgap_1.5_to_2.0eV,Cu,1.884732,1.27991,2.20198,2.944366169,595.642162,48
qmof-61d14dd,EDEDID_FSR,bandgap_1.5_to_2.0eV,Cu,1.806497,0.74982,1.90822,2.437085091,1598.040431,136
qmof-2f8d683,BOYWES_FSR,bandgap_1.5_to_2.0eV,Mn,1.801912,0.86363,2.72951,2.387553789,1669.889796,124
qmof-93da51e,NIGNUP_FSR,bandgap_1.5_to_2.0eV,Er,1.944343,2.89058,5.81319,1.717662075,2369.808176,148
qmof-bf18e45,IVAQEC_FSR,bandgap_1.5_to_2.0eV,Cu,1.617147,2.2809,3.14041,2.008782496,1062.137193,74
qmof-da61c3d,DIDYOG_FSR,bandgap_1.5_to_2.0eV,Cu,1.867431,1.1357,1.96363,2.117771906,722.6913531,64
qmof-99ad091,XAKCOB_FSR,bandgap_1.5_to_2.0eV,Ag,1.669303,1.0366,1.95992,1.909568629,1214.276793,100
qmof-df9cac4,XEBMUM_FSR,bandgap_1.5_to_2.0eV,Cu,1.823372,1.01644,1.79423,3.484046013,905.592818,68
qmof-d33d1b0,DACQEG_FSR,bandgap_1.5_to_2.0eV,Cu,1.685054,1.28397,2.15943,2.686589353,1059.806836,89
qmof-0b4817e,NIDRAW_FSR,bandgap_1.5_to_2.0eV,Cu,1.943339,1.00047,1.80728,2.336787966,610.9152128,56
qmof-828f8b4,LELMOG_FSR,bandgap_1.5_to_2.0eV,Cd,1.965848,1.61781,2.8741,1.902830882,860.1127785,76
qmof-6b5adb3,LICXEB_FSR,bandgap_1.5_to_2.0eV,Ni,1.637611,1.12893,2.00737,1.999197805,1111.386759,86
qmof-8208646,BEQDAF_FSR,bandgap_1.5_to_2.0eV,Cu,1.925306,1.18269,2.29144,2.23132361,815.7242154,71
qmof-1de625c,NECDUV_FSR,bandgap_1.5_to_2.0eV,Mo,1.912527,2.06501,4.96997,1.613946468,1996.870751,140
qmof-623366c,DAMXAT_FSR,bandgap_1.5_to_2.0eV,Cu,1.650538,2.04093,2.28115,3.192349632,531.6550938,40
qmof-b874271,HOFZAD_FSR,bandgap_1.5_to_2.0eV,Au,1.91297,1.05642,2.35607,1.945878379,1567.278642,148
qmof-44525cd,DEWLOJ_FSR,bandgap_1.5_to_2.0eV,Ag,1.807915,0.88235,1.76334,2.156479382,833.9048348,68
qmof-8782178,CUKZOY_FSR,bandgap_1.5_to_2.0eV,V,1.981502,1.09819,1.90296,2.070853578,1565.211982,146
qmof-686888c,LIGGOA_FSR,bandgap_1.5_to_2.0eV,Cu,1.855619,0.97186,2.27176,2.342817696,1062.103639,88
qmof-f77560d,NIGJES_FSR,bandgap_1.5_to_2.0eV,Cu,1.84028,0.85874,1.74586,1.996199298,878.1413151,86
qmof-579321e,NOPQIU_FSR,bandgap_1.5_to_2.0eV,Cu,1.82433,0.8272,1.84096,1.92941625,622.6529438,56
qmof-268888c,LONVIV_FSR,bandgap_1.5_to_2.0eV,Mn,1.715672,6.06692,8.75596,1.335634205,1398.416068,72
qmof-27bbb6a,LETDIY_FSR,bandgap_1.5_to_2.0eV,Cu,1.588509,0.9559,1.55673,3.744320491,314.8344795,22
qmof-90c2d5e,HAXNEB_FSR,bandgap_1.5_to_2.0eV,Cu,1.981401,1.42655,2.25063,1.840881688,715.4814712,73
qmof-3f56361,QIBZAD_FSR,bandgap_1.5_to_2.0eV,Mn,1.570105,1.26904,2.23569,1.682574451,1104.731956,94
qmof-094542b,MUQWUS_FSR,bandgap_1.5_to_2.0eV,Li,1.980379,1.11794,1.69591,1.623832897,1199.13656,120
qmof-64ce5e9,CAQXAT01_FSR,bandgap_1.5_to_2.0eV,Cu,1.961823,1.18955,1.71191,2.871892277,312.8527039,24
qmof-d6cf7a2,BIGWIY_FSR,bandgap_1.5_to_2.0eV,Cr,1.570286,1.25522,3.09461,1.611640693,958.7753858,82
qmof-497c336,NUHQEN_FSR,bandgap_1.5_to_2.0eV,Cu,1.831205,3.74807,5.411,1.61899834,1467.600866,104
qmof-6884d48,JOCNUN_FSR,bandgap_1.5_to_2.0eV,Mn,1.85867,1.10526,1.83941,1.668510061,1039.668785,104
qmof-2aec50f,KIHVAB_FSR,bandgap_1.5_to_2.0eV,Mn,1.741101,1.04796,2.37168,1.729121364,908.8500403,96
qmof-aea2084,CEZBEQ_FSR,bandgap_1.5_to_2.0eV,Cu,1.814206,0.9814,1.74254,2.470255667,471.3559451,40
qmof-01f1640,OLOFIF_FSR,bandgap_1.5_to_2.0eV,Co,1.942124,1.6736,2.92846,1.64776998,719.9094949,66
qmof-391b168,SOWHES_FSR,bandgap_1.5_to_2.0eV,Cu,1.958652,1.25929,2.12935,2.063900163,746.2207412,68
qmof-d4d3c5f,GIWVEO_FSR,bandgap_1.5_to_2.0eV,Cs,1.554025,1.05182,2.2978,2.0772462,681.3426397,46
qmof-6104fb7,GAXNEA_FSR,bandgap_1.5_to_2.0eV,Fe,1.992976,1.39318,2.49715,2.126099963,573.1772014,57
qmof-e5a036c,HAWTOQ_FSR,bandgap_1.5_to_2.0eV,Cu,1.943191,0.84972,1.99361,2.935469152,684.7080193,52
qmof-6092a23,HUJJEB_FSR,bandgap_1.5_to_2.0eV,Cu,1.526313,1.02157,1.57505,2.299650903,569.9794623,52
qmof-15fac80,LEHNEU_FSR,bandgap_1.5_to_2.0eV,Cu,1.884145,0.72409,1.32901,2.151094375,720.2149229,68
qmof-2f9cf3e,GICZOI_FSR,bandgap_1.5_to_2.0eV,K,1.877319,0.81103,1.99028,1.608236669,671.8025667,60
qmof-4a16101,CIZWIU_FSR,bandgap_1.5_to_2.0eV,Mn,1.821252,1.34766,2.45122,1.432680939,1556.641276,150
qmof-f5b47bc,KOFWOT_FSR,bandgap_1.5_to_2.0eV,Mn,1.726978,1.82237,3.21232,1.570119757,1196.807431,105
qmof-8637eeb,UDILUQ_FSR,bandgap_1.5_to_2.0eV,Mn,1.667598,1.50543,2.54829,1.53023074,979.5331749,94
qmof-beb45ec,DABXOW_FSR,bandgap_1.5_to_2.0eV,Zn,1.945809,3.41442,3.99902,1.483953941,1463.480858,122
qmof-ba7c077,IWIVIV02_FSR,bandgap_1.5_to_2.0eV,Cu,1.902795,1.32733,1.90726,2.462771062,476.2972322,40
qmof-d3530bc,MIHKUL_FSR,bandgap_1.5_to_2.0eV,Cu,1.948985,0.84034,1.96556,1.897320526,743.2273301,77
qmof-70f4cf7,OGUKAE_FSR,bandgap_2.0_to_2.5eV,Zn,2.430725,1.34102,2.65955,1.725718845,665.2898431,46
qmof-7337787,NEFJOA_FSR,bandgap_2.0_to_2.5eV,K,2.455459,0.31628,0.9731,1.957795784,498.2884573,36
qmof-dcbefe5,FABHEX_FSR,bandgap_2.0_to_2.5eV,Mn,2.330678,0.50557,1.5662,2.926135233,435.6621963,46
qmof-7a5b1ce,QULHAI_FSR,bandgap_2.0_to_2.5eV,Sm,2.403429,1.24834,5.44763,1.580539214,1743.946201,150
qmof-aabf74a,FEJXUO_FSR,bandgap_2.0_to_2.5eV,Mn,2.006778,0.84783,2.13377,1.730127558,302.4729404,31
qmof-d0dfc27,ORAPUT_FSR,bandgap_2.0_to_2.5eV,Ru,2.001076,1.54309,3.13362,2.03512123,848.0852362,69
qmof-7080970,FIWVAK_FSR,bandgap_2.0_to_2.5eV,Ru,2.085575,1.44657,1.9823,2.275964788,1460.13249,136
qmof-ec51380,IQOZUJ_FSR,bandgap_2.0_to_2.5eV,Co,2.025014,2.48681,4.51949,1.323381915,963.9835557,64
qmof-0ca8b3d,GAKYAU_FSR,bandgap_2.0_to_2.5eV,Cu,2.439909,1.17909,2.37784,2.311294149,935.8092507,78
qmof-529911c,CAPQIU_FSR,bandgap_2.0_to_2.5eV,Cu,2.312914,1.08112,2.08434,2.635317808,1807.972989,136
qmof-fb59727,LACFEC_FSR,bandgap_2.0_to_2.5eV,Cu,2.271309,1.19978,2.32156,2.255339712,842.5843449,80
qmof-8ca501e,MIWNIR_FSR,bandgap_2.0_to_2.5eV,Pr,2.378445,1.60462,3.63614,2.516676484,816.8315435,68
qmof-cbf7280,OGUHII_FSR,bandgap_2.0_to_2.5eV,Cu,2.284293,1.24494,4.00492,1.584242812,1054.268747,96
qmof-3ca5d72,NESDIY_FSR,bandgap_2.0_to_2.5eV,Ag,2.09565,0.83068,1.87601,2.496647239,1280.591718,92
qmof-c71dee9,FOFWII_FSR,bandgap_2.0_to_2.5eV,Fe,2.011825,1.22458,2.03329,1.704560856,1105.089597,108
qmof-fe96a80,LOHKOK_FSR,bandgap_2.0_to_2.5eV,Na,2.479528,1.25305,2.16249,1.700454402,777.8695385,80
qmof-ed94e56,HIHFAH_FSR,bandgap_2.0_to_2.5eV,Ni,2.41883,1.26025,2.58836,1.501284956,1104.291114,110
qmof-82f6d0d,FEKDAA_FSR,bandgap_2.0_to_2.5eV,Ag,2.453631,1.18662,2.60506,1.949320273,616.5147552,47
qmof-e6e27de,EBOSOG_FSR,bandgap_2.0_to_2.5eV,Mn,2.015094,0.89495,1.88489,1.847217216,463.2694378,51
qmof-9fa0d98,QOGTIQ_FSR,bandgap_2.0_to_2.5eV,Cu,2.451271,1.11655,1.98226,1.811535811,820.1383228,68
qmof-66dc50d,MIJLEX_FSR,bandgap_2.0_to_2.5eV,Cu,2.449548,0.94962,2.08272,2.11831687,657.4705288,66
qmof-07388f0,LAJPEU_FSR,bandgap_2.0_to_2.5eV,Mo,2.415716,1.17155,3.51347,2.601307861,1618.632645,139
qmof-a8c7976,LODPUR_FSR,bandgap_2.0_to_2.5eV,Zn,2.20999,1.75158,2.69296,1.556495592,985.3600369,94
qmof-e25f656,XIVTAZ_FSR,bandgap_2.0_to_2.5eV,Cu,2.109035,2.57218,4.09691,2.145905698,1103.098272,82
qmof-43f07bb,GASTUP_FSR,bandgap_2.0_to_2.5eV,K,2.156029,0.89722,1.57126,1.793485341,757.9284807,62
qmof-167de99,HICRUG_FSR,bandgap_2.0_to_2.5eV,Cu,2.457179,1.18525,2.09773,1.771510032,569.3957808,46
qmof-5583708,XAQWAO_FSR,bandgap_2.0_to_2.5eV,Mn,2.229398,0.85701,2.33622,1.495987196,714.4007952,77
qmof-b1e4752,GEZVEO_FSR,bandgap_2.0_to_2.5eV,Ag,2.39366,0.93334,2.75422,2.027900193,1493.907937,140
qmof-2d84c77,HAYYUE_FSR,bandgap_2.0_to_2.5eV,Fe,2.301192,9.67291,10.65125,1.160930986,1462.031854,54
qmof-940a088,WOXQUX_FSR,bandgap_2.0_to_2.5eV,Cd,2.48176,0.96465,2.48568,2.156568631,749.3352131,64
qmof-a1f2118,DIDKEJ_FSR,bandgap_2.0_to_2.5eV,Ag,2.366788,1.26032,2.20869,2.205970451,788.9886525,76
qmof-abf9b57,OMUYUR_FSR,bandgap_2.0_to_2.5eV,Cu,2.443738,3.3953,5.89466,1.496107726,1638.478344,128
qmof-f85239d,FOKHIW_FSR,bandgap_2.0_to_2.5eV,K,2.085933,0.93683,2.26162,1.635570805,1150.31099,122
qmof-caff655,VIRJOW_FSR,bandgap_2.0_to_2.5eV,Zn,2.195974,3.08168,4.48474,1.320939438,1106.173169,82
qmof-0b83e38,GEBQUB01_FSR,bandgap_2.0_to_2.5eV,Li,2.253871,1.07714,1.89599,1.514366889,1245.969967,136
qmof-d441feb,JEHPAO_FSR,bandgap_2.0_to_2.5eV,K,2.357641,1.13065,2.21128,1.638926437,1484.957277,136
qmof-99503b5,ECAZUG_FSR,bandgap_2.0_to_2.5eV,Cu,2.441859,0.96463,1.67972,2.127484539,944.8566704,92
qmof-4d8929f,SAQSOT_FSR,bandgap_2.0_to_2.5eV,Cu,2.197175,1.11818,1.74097,2.272098686,617.2726225,52
qmof-2290d6d,TIVWUR_FSR,bandgap_2.0_to_2.5eV,Li,2.397141,0.83253,1.46543,1.74780427,357.2083477,40
qmof-6c1d234,PIHNIF_FSR,bandgap_2.0_to_2.5eV,Ni,2.412681,1.02262,2.80799,1.922074894,970.543084,92
qmof-ccb2028,PEPBAP_FSR,bandgap_2.0_to_2.5eV,Cd,2.435667,1.0894,2.05106,3.744421819,789.9088465,48
qmof-ac3c21a,QEJLOJ_FSR,bandgap_2.0_to_2.5eV,Cu,2.324291,1.16227,1.97254,2.569365023,733.9022734,68
qmof-16cda91,HEYREL_FSR,bandgap_2.0_to_2.5eV,Cu,2.394852,1.51933,2.16759,1.662948628,688.7475779,70
qmof-a6c82f9,QAVBEW_FSR,bandgap_2.0_to_2.5eV,Mn,2.336212,0.85686,1.75,1.799980119,599.9134214,54
qmof-6fe62e0,KOGNIE_FSR,bandgap_2.0_to_2.5eV,Cu,2.270498,1.60911,2.67898,2.047084352,959.4823975,92
qmof-edd39e3,FELFUA_FSR,bandgap_2.0_to_2.5eV,Cu,2.25578,1.03031,1.99593,1.809152162,443.6923875,40
qmof-f2e90e4,IRIPIJ_FSR,bandgap_2.0_to_2.5eV,Ag,2.496748,1.01581,1.83711,1.950718175,1546.450466,140
qmof-12d3e65,NEXLIN_FSR,bandgap_2.0_to_2.5eV,Fe,2.467011,0.82549,1.93712,1.82363053,474.5361312,47
qmof-8aecaef,BELCUT_FSR,bandgap_2.0_to_2.5eV,Mn,2.012266,3.07397,3.22614,1.724458063,861.4682229,86
qmof-9d07fdc,ROGSUE_FSR,bandgap_2.0_to_2.5eV,Cu,2.41195,1.09809,2.29253,1.829495183,506.8841204,44
qmof-3a4a4ef,IRIWIP_FSR,bandgap_2.5_to_3.0eV,Cu,2.827562,0.92821,1.97206,1.739134763,465.5567318,46
qmof-6707d22,XANKED_FSR,bandgap_2.5_to_3.0eV,Cu,2.538614,0.81778,1.94585,2.582098479,426.3668498,38
qmof-33414d4,FOBGEJ_FSR,bandgap_2.5_to_3.0eV,Mn,2.788286,1.3241,2.00111,1.576036032,955.3160491,104
qmof-ead21d1,CIDGON_FSR,bandgap_2.5_to_3.0eV,Cd,2.783184,0.77802,2.66427,1.78278025,1156.55901,122
qmof-9852a98,VEJLUU_FSR,bandgap_2.5_to_3.0eV,Mn,2.997328,1.05055,1.68071,1.907631904,416.0133107,36
qmof-bdb54d3,UYENOC_FSR,bandgap_2.5_to_3.0eV,Co,2.668802,0.74578,1.80305,1.904980774,491.6086854,50
qmof-30fdc38,NUCDAR_FSR,bandgap_2.5_to_3.0eV,Mn,2.735156,0.98707,1.94034,1.496058982,752.1246643,73
qmof-5bab3c6,CUCPYO12_FSR,bandgap_2.5_to_3.0eV,Cu,2.994656,0.882,1.95722,2.044987121,745.586899,60
qmof-5b4883b,HABGEX_FSR,bandgap_2.5_to_3.0eV,Cs,2.871849,0.79681,1.75218,2.558479169,726.8529684,56
qmof-52cd170,RICLIA_FSR,bandgap_2.5_to_3.0eV,Cu,2.98778,1.98314,3.20019,1.541037533,1323.18117,126
qmof-77a1ed6,VERHAB_FSR,bandgap_2.5_to_3.0eV,Mo,2.761219,0.96532,1.93161,1.831582288,524.1998314,54
qmof-53f3394,EDURUT_FSR,bandgap_2.5_to_3.0eV,Au,2.985016,1.10831,2.60873,2.914256875,913.3155606,76
qmof-4e4607a,WUJFEN_FSR,bandgap_2.5_to_3.0eV,Cu,2.896307,0.85937,1.41758,2.662816642,804.5991659,64
qmof-95ecaaa,EJAWUH_FSR,bandgap_2.5_to_3.0eV,Fe,2.652738,1.13172,2.37874,1.479374131,1231.193098,128
qmof-f0dfa44,OFUZUL_FSR,bandgap_2.5_to_3.0eV,Cu,2.789891,1.19106,1.40122,2.615915238,334.1584629,32
qmof-314b33f,SAQSAF03_FSR,bandgap_2.5_to_3.0eV,Cu,2.543967,0.81296,1.69306,2.312386323,1587.12982,112
qmof-e9e813b,LUYRAA_FSR,bandgap_2.5_to_3.0eV,Mo,2.887239,0.97371,2.05963,2.386724546,697.2358104,62
qmof-75577f5,DURTEQ_FSR,bandgap_2.5_to_3.0eV,Na,2.577438,1.52967,2.62136,1.724270831,848.0733819,84
qmof-49c91df,DAXZOU_FSR,bandgap_2.5_to_3.0eV,Hg,2.934925,1.2402,3.10128,2.247718018,1484.194395,134
qmof-9df353e,COGLOA_FSR,bandgap_2.5_to_3.0eV,Cu,2.561127,1.08601,2.63103,2.814289548,1001.052947,80
qmof-e37213a,IHAMUA_FSR,bandgap_2.5_to_3.0eV,Cu,2.77631,2.19272,4.11078,1.539062868,1404.666396,100
qmof-49f5ae1,GEHSER01_FSR,bandgap_2.5_to_3.0eV,Cu,2.678683,0.88616,2.06248,2.557534172,499.6959327,34
qmof-a6c2dc0,QOXBUC_FSR,bandgap_2.5_to_3.0eV,Cu,2.934213,0.97588,2.16312,1.903560919,796.2239632,74
qmof-1ca4ac2,GIJDEI_FSR,bandgap_2.5_to_3.0eV,Cu,2.866054,1.72237,4.3042,1.689685123,1554.007788,118
qmof-3db4dff,EJINOB_FSR,bandgap_2.5_to_3.0eV,Zn,2.965317,0.84867,1.88196,1.811080635,840.2342701,84
qmof-d265887,MUVBAI_FSR,bandgap_2.5_to_3.0eV,Na,2.786337,0.97718,2.52434,1.730440143,975.4935923,96
qmof-3e2c2de,FACTOV_FSR,bandgap_2.5_to_3.0eV,Ag,2.840665,1.18403,1.84682,2.235402124,649.4388714,64
qmof-25af73a,ROBNIG_FSR,bandgap_2.5_to_3.0eV,Cu,2.985736,1.51826,2.49633,1.597966284,897.4405021,90
qmof-9d5a46c,DOKPAV_FSR,bandgap_2.5_to_3.0eV,K,2.693447,1.24633,2.43082,1.514104289,1176.732977,114
qmof-3b44779,HEXTEK_FSR,bandgap_2.5_to_3.0eV,Na,2.60143,1.28509,1.7322,1.644666775,363.6640276,34
qmof-4577c03,LOVQUI_FSR,bandgap_2.5_to_3.0eV,Zn,2.82186,1.30671,3.37351,1.501120362,1473.541163,138
qmof-70585b5,OPITOY_FSR,bandgap_2.5_to_3.0eV,W,2.58046,0.75613,1.86706,4.788116477,739.0283363,64
qmof-a583a54,NAVYIU_FSR,bandgap_2.5_to_3.0eV,Gd,2.92107,0.81276,1.7073,2.99369997,1005.72697,96
qmof-993d367,NUFFAX01_FSR,bandgap_2.5_to_3.0eV,Ag,2.90075,1.01778,2.57818,1.7859078,1469.489603,136
qmof-6a96bb3,HIXMIN_FSR,bandgap_2.5_to_3.0eV,Cd,2.571952,1.04687,3.18269,1.676834421,1249.523026,122
qmof-8cdca87,RAHREZ_FSR,bandgap_2.5_to_3.0eV,Cu,2.966114,0.85203,2.38909,1.811208202,983.3628946,83
qmof-a374762,DUNLIJ_FSR,bandgap_2.5_to_3.0eV,Cu,2.933621,1.60429,2.93821,2.442271686,951.411894,80
qmof-0a9c4b3,GEZVOY_FSR,bandgap_2.5_to_3.0eV,Ag,2.806478,0.86658,1.94451,2.178991361,1504.465067,144
qmof-d8b6b8f,TISLUD_FSR,bandgap_2.5_to_3.0eV,Ag,2.838385,0.73841,1.45072,3.181762599,830.4511001,64
qmof-b0bfb8e,KERVIP_FSR,bandgap_2.5_to_3.0eV,K,2.91318,1.0255,1.86307,1.741762505,1385.090085,100
qmof-a1a5849,QUPZIM01_FSR,bandgap_2.5_to_3.0eV,Fe,2.75343,8.17787,8.31611,0.925170256,947.9079561,50
qmof-64edccc,COCZOK_FSR,bandgap_2.5_to_3.0eV,Cu,2.655967,0.97846,1.78998,1.658679381,654.3632401,70
qmof-c895b41,RAWRUD_FSR,bandgap_2.5_to_3.0eV,Cu,2.847029,0.90889,2.74242,1.957115834,513.4197621,38
qmof-a92c7de,BUQQIP_FSR,bandgap_2.5_to_3.0eV,Na,2.942756,0.63931,1.5072,1.881302711,1109.124987,112
qmof-dee632b,FAZWOS_FSR,bandgap_2.5_to_3.0eV,Cu,2.918871,0.9728,1.66918,1.865840292,683.9424929,64
qmof-39f92ad,HAFHII_FSR,bandgap_2.5_to_3.0eV,Zn,2.997017,1.56784,2.24002,1.804694142,1062.824638,86
qmof-a3aedc5,YABMOF_FSR,bandgap_2.5_to_3.0eV,Mn,2.948936,1.27116,1.80594,1.781611581,759.1349287,78
qmof-debe154,OYOHUG_FSR,bandgap_2.5_to_3.0eV,Co,2.954347,0.94957,1.93832,2.322646276,593.4435259,46
qmof-be8828b,RILDEV_FSR,bandgap_2.5_to_3.0eV,Ag,2.756952,1.14835,1.9213,1.960559198,1738.941553,148
qmof-9a141c9,IJEBEF_FSR,bandgap_2.5_to_3.0eV,Ag,2.947924,1.06996,1.78026,2.008284658,774.3548963,70
qmof-63d089a,SEHGOD_FSR,bandgap_3.0_to_3.5eV,Ni,3.4915,1.45313,2.67632,1.533774912,959.3480636,94
qmof-e8cc479,QUXZOZ_FSR,bandgap_3.0_to_3.5eV,Cd,3.336391,1.08161,1.88586,1.94234503,644.0182938,58
qmof-b7b79de,OJEPIE_FSR,bandgap_3.0_to_3.5eV,Hg,3.439938,1.31467,2.08888,3.235455469,908.8537108,80
qmof-504558f,HUJZIW_FSR,bandgap_3.0_to_3.5eV,Ag,3.353746,1.32383,1.96729,2.143722352,1013.51614,98
qmof-b760bf5,TUMTUQ_FSR,bandgap_3.0_to_3.5eV,Fe,3.055848,0.71424,1.55263,2.361439846,649.5247115,80
qmof-f67379e,MUJSIT_FSR,bandgap_3.0_to_3.5eV,V,3.454678,0.74378,1.68966,3.058024261,392.3313124,33
qmof-163215a,EVOLAC_FSR,bandgap_3.0_to_3.5eV,Ag,3.28552,0.61367,1.35966,3.045747923,983.3453274,88
qmof-b93ab48,CUNFOH01_FSR,bandgap_3.0_to_3.5eV,Cu,3.434127,5.62456,8.10227,1.708050146,2722.947538,128
qmof-ebae1e4,ALAGIF_FSR,bandgap_3.0_to_3.5eV,Cd,3.484603,1.08279,2.15218,1.912346193,1475.828827,136
qmof-6dd300b,COKYUW_FSR,bandgap_3.0_to_3.5eV,Cu,3.131023,1.05049,1.90937,1.923833903,614.8975349,52
qmof-71b2c0d,GOTYOF_FSR,bandgap_3.0_to_3.5eV,Cs,3.203836,0.81101,2.43153,2.022756285,791.7298508,70
qmof-4a746e9,QIRGED_FSR,bandgap_3.0_to_3.5eV,K,3.328379,0.34539,1.36288,2.01949229,757.0587917,68
qmof-ad5daef,WEFQUW_FSR,bandgap_3.0_to_3.5eV,Mo,3.255786,0.91833,2.09066,2.460533793,677.6542766,60
qmof-c42d864,PYXCDC_FSR,bandgap_3.0_to_3.5eV,Cd,3.152466,1.07086,2.1872,2.152824685,1084.450086,100
qmof-dc1402b,KEQPON_FSR,bandgap_3.0_to_3.5eV,Na,3.470699,1.01726,2.2313,1.531017969,1194.037761,130
qmof-81ffe5f,JOHWEK_FSR,bandgap_3.0_to_3.5eV,Organic_Only,3.210616,2.45882,2.87141,2.339796423,826.3962008,66
qmof-c5457b7,FEZMUT_FSR,bandgap_3.0_to_3.5eV,K,3.006022,0.92495,1.78421,1.406276363,889.0155804,98
qmof-2d58bb8,BIPLAN01_FSR,bandgap_3.0_to_3.5eV,Ag,3.322306,0.95886,1.79228,2.176234513,1172.649788,114
qmof-60a16fa,MOPFEC_FSR,bandgap_3.0_to_3.5eV,Cu,3.398172,2.10413,4.00676,2.138001406,1129.268717,88
qmof-9c38e24,HAFHAA_FSR,bandgap_3.0_to_3.5eV,Zn,3.005958,1.47183,2.39784,2.200476406,1140.014212,86
qmof-8de943d,AYERAX_FSR,bandgap_3.0_to_3.5eV,Cs,3.175372,0.96224,1.77781,2.048700939,1248.376847,108
qmof-8626bd6,UQAZAO_FSR,bandgap_3.0_to_3.5eV,Cu,3.325961,1.28323,2.0437,1.952054814,693.8232394,68
qmof-524d0bd,INIZEK_FSR,bandgap_3.0_to_3.5eV,Cd,3.426703,1.20184,2.00364,2.167449101,1240.341168,112
qmof-638e1d5,OJIWIP_FSR,bandgap_3.0_to_3.5eV,Cu,3.068472,1.15742,2.16844,2.014389619,773.4640905,72
qmof-80bbe89,GANRUL_FSR,bandgap_3.0_to_3.5eV,Cu,3.098467,1.02016,2.30423,2.158997878,837.1986264,74
qmof-f3dd1bc,CEBJAV_FSR,bandgap_3.0_to_3.5eV,Ag,3.037418,0.92237,1.86615,2.238676016,1193.513176,92
qmof-e0cfb23,EHOQOH01_FSR,bandgap_3.0_to_3.5eV,Cu,3.040111,0.82088,1.57505,2.183604504,340.0634333,31
qmof-55cc832,GEDCUP_FSR,bandgap_3.0_to_3.5eV,Na,3.128434,1.04853,1.78402,1.542341266,655.0140674,64
qmof-12858c4,LAMZUV_FSR,bandgap_3.0_to_3.5eV,Er,3.065147,1.16994,2.39994,1.680171809,1509.956967,140
qmof-e39683b,AZAYEH_FSR,bandgap_3.0_to_3.5eV,Li,3.10131,2.1831,3.00317,1.536155786,412.9214727,36
qmof-0fef828,GUWWUR_FSR,bandgap_3.0_to_3.5eV,Cu,3.051872,0.95399,1.60126,1.991873338,909.0942422,92
qmof-896e1e1,NOFREG_FSR,bandgap_3.0_to_3.5eV,Pb,3.265647,0.94012,2.0068,2.554443614,881.9493496,80
qmof-5d743e9,SENTIQ_FSR,bandgap_3.0_to_3.5eV,Cu,3.270666,1.08837,1.76781,2.17351372,784.5358639,80
qmof-f02d3e0,GIFXEA_FSR,bandgap_3.0_to_3.5eV,K,3.352006,0.6792,1.81893,1.583634681,835.5050654,84
qmof-78e92bb,WUHDUY_FSR,bandgap_3.0_to_3.5eV,K,3.470952,1.08643,2.55733,1.256359256,931.8360858,98
qmof-cb092ca,IMZCUC01_FSR,bandgap_3.0_to_3.5eV,Cu,3.402018,1.07761,2.20553,1.699119561,590.7210349,56
qmof-06f215e,YECPAA_FSR,bandgap_3.0_to_3.5eV,Na,3.049627,0.53123,1.31096,1.861334092,546.2359919,56
qmof-3404b3b,HADMOR_FSR,bandgap_3.0_to_3.5eV,Co,3.249765,1.25157,2.96627,1.791753598,1123.734705,100
qmof-8064b1f,ILAPOB_FSR,bandgap_3.0_to_3.5eV,Mo,3.317977,0.90703,2.2189,2.727859773,1425.541661,134
qmof-ffe63dd,SOJFEC_FSR,bandgap_3.0_to_3.5eV,Cu,3.030492,1.75402,2.11055,1.939639986,456.4329528,34
qmof-a0db6b2,BOJLIW_FSR,bandgap_3.0_to_3.5eV,Mn,3.099739,0.88105,3.70351,1.970397442,1421.285911,130
qmof-8ee15b0,DEJDAA_FSR,bandgap_3.0_to_3.5eV,Hg,3.139478,1.24508,2.09405,3.325252168,2071.94853,144
qmof-b1b5126,GIGXUS_FSR,bandgap_3.0_to_3.5eV,Na,3.431489,1.18594,2.84488,1.161120662,1185.735278,130
qmof-7ba728e,PASROS_FSR,bandgap_3.0_to_3.5eV,Cd,3.315082,1.15861,2.70105,1.866881864,1259.571206,119
qmof-b3afc61,WAMZIV_FSR,bandgap_3.0_to_3.5eV,Cd,3.196733,1.39378,1.86628,1.942712215,794.4335463,78
qmof-7d3020a,KECBAW_FSR,bandgap_3.0_to_3.5eV,Ni,3.17371,1.11742,2.59349,1.591779656,920.1625029,86
qmof-252e6ca,GEZVIS_FSR,bandgap_3.0_to_3.5eV,Ag,3.003897,0.87132,2.04208,2.102740754,1440.736899,140
qmof-7b10042,ROCRIL_FSR,bandgap_3.0_to_3.5eV,V,3.21207,1.04188,1.91067,2.341970592,1242.366238,116
qmof-ba17068,MICREW_FSR,bandgap_3.0_to_3.5eV,Cd,3.400883,1.04473,3.75053,1.724712089,1663.555502,144
qmof-905ce17,DULDOF_FSR,bandgap_3.0_to_3.5eV,Ag,3.464417,0.87068,2.12899,2.356692403,566.4949436,56
qmof-b4e92f2,CUYQIX_FSR,bandgap_3.5_to_4.0eV,Zn,3.936827,2.43513,3.31033,1.420563132,1345.675094,129
qmof-9b3fc80,OREMUU_FSR,bandgap_3.5_to_4.0eV,Cu,3.534469,0.98565,1.8322,1.910378572,353.0916558,28
qmof-dc6062c,DEMQAO_FSR,bandgap_3.5_to_4.0eV,Rb,3.744513,2.05283,2.95772,1.7916719,1537.548643,124
qmof-ce14def,CEFKEF_FSR,bandgap_3.5_to_4.0eV,Na,3.800414,1.09677,2.25171,1.23890071,1100.302172,120
qmof-7d62fb2,MADTOC_FSR,bandgap_3.5_to_4.0eV,Cu,3.63516,1.10933,2.02127,2.622788443,786.8077253,64
qmof-81a163c,BEGJAB_FSR,bandgap_3.5_to_4.0eV,Cd,3.963162,1.94005,3.14598,2.00301585,1487.740767,132
qmof-d9fa5cf,BUBCOS_FSR,bandgap_3.5_to_4.0eV,Zn,3.967869,3.39808,4.01712,1.742133632,906.1103454,81
qmof-d1d6882,RINRIR_FSR,bandgap_3.5_to_4.0eV,Ag,3.677753,0.7584,1.75598,2.398304315,887.4472556,84
qmof-7076722,RUKTIB_FSR,bandgap_3.5_to_4.0eV,Cu,3.635563,1.04523,2.36793,1.552978531,1299.38728,136
qmof-89941ae,PYNOCD_FSR,bandgap_3.5_to_4.0eV,Cd,3.645111,1.07298,2.10517,3.155451497,971.0668928,60
qmof-40df476,WUYWIX_FSR,bandgap_3.5_to_4.0eV,Cd,3.603991,1.44887,1.83993,2.407407863,1133.655933,68
qmof-0fa4d72,CAJTUD_FSR,bandgap_3.5_to_4.0eV,K,3.844204,0.54147,1.43477,2.013921874,541.4943003,40
qmof-eb82347,UCORAH_FSR,bandgap_3.5_to_4.0eV,Zn,3.846929,1.53657,2.17115,1.545319303,837.5192797,74
qmof-e268c52,HADMIL_FSR,bandgap_3.5_to_4.0eV,Co,3.826909,3.19248,3.8796,1.39905003,700.7605863,62
qmof-ad42031,NIXQOB_FSR,bandgap_3.5_to_4.0eV,Zn,3.908266,1.14823,3.36387,1.860203827,1406.832012,104
qmof-a442a79,WOQJIW03_FSR,bandgap_3.5_to_4.0eV,Zn,3.882763,1.34317,2.30726,2.701345703,600.1961385,50
qmof-f5f710d,DEMPER_FSR,bandgap_3.5_to_4.0eV,Li,3.841302,0.91394,1.80907,1.455021018,1265.435198,132
qmof-b10b92b,JEBCUP_FSR,bandgap_3.5_to_4.0eV,Ga,3.552748,0.87704,2.06067,2.017909688,728.916887,72
qmof-39d4547,PRCUDX_FSR,bandgap_3.5_to_4.0eV,Cu,3.877013,1.03823,1.79265,1.680359824,1002.987047,112
qmof-2461a2e,CANWAS_FSR,bandgap_3.5_to_4.0eV,Cd,3.764257,1.1844,2.26119,1.989468791,924.4283877,72
qmof-a12006c,SUFPAM_FSR,bandgap_3.5_to_4.0eV,Na,3.567768,0.93049,1.70763,1.836831245,763.3985485,80
qmof-0aec630,IHANIP_FSR,bandgap_3.5_to_4.0eV,Fe,3.840715,1.19789,1.79649,2.318195007,1256.259376,100
qmof-920e89b,BULZUE_FSR,bandgap_3.5_to_4.0eV,Cu,3.622953,1.28428,1.99403,1.765242818,1386.151879,136
qmof-d3b0421,AYAVAZ_FSR,bandgap_3.5_to_4.0eV,Pb,3.685771,0.77297,1.62225,4.056557271,605.3052855,56
qmof-bed05b6,CAVBUX_FSR,bandgap_3.5_to_4.0eV,Zn,3.631445,1.09649,2.16984,2.109196294,741.5961041,68
qmof-6645061,KEKMEU_FSR,bandgap_3.5_to_4.0eV,Ag,3.544987,0.87785,1.42269,3.444568553,856.5663775,88
qmof-3367507,BINXUS_FSR,bandgap_3.5_to_4.0eV,Ag,3.500452,1.08381,1.94404,1.986246264,949.9241346,108
qmof-1f24a35,FERDOY_FSR,bandgap_3.5_to_4.0eV,Zn,3.541434,0.96507,2.16658,1.949337709,1572.325158,150
qmof-309f598,FOWXOG01_FSR,bandgap_3.5_to_4.0eV,Cu,3.522858,1.12153,2.48216,2.867350793,1786.137929,124
qmof-deef83c,BUTTUG_FSR,bandgap_3.5_to_4.0eV,Organic_Only,3.717135,1.0495,1.86314,2.121949428,1033.755045,106
qmof-4c61e1e,BINROI_FSR,bandgap_3.5_to_4.0eV,Na,3.799645,1.14392,1.77311,1.547795558,1073.672621,112
qmof-a6c7492,PALRIG_FSR,bandgap_3.5_to_4.0eV,Cd,3.777502,1.0146,1.64365,2.017851463,1282.894529,104
qmof-263da4f,KOGXOU_FSR,bandgap_3.5_to_4.0eV,Ag,3.655117,1.23979,2.53498,2.114267165,1591.264944,120
qmof-7edf98b,GOTYIZ_FSR,bandgap_3.5_to_4.0eV,Cs,3.573518,0.87107,2.02934,1.85954465,1004.289544,102
qmof-86d10b6,CAGKON_FSR,bandgap_3.5_to_4.0eV,Na,3.594614,1.32116,2.49023,1.217129721,1390.197064,142
qmof-13dfbe2,VAJVAG_FSR,bandgap_3.5_to_4.0eV,Zn,3.732614,0.7652,1.68488,2.594436803,688.6416655,68
qmof-eacac19,LUNWAS_FSR,bandgap_3.5_to_4.0eV,Ag,3.94029,0.85543,2.18322,2.201681885,917.1694681,84
qmof-7b77cf8,EHEXEW_FSR,bandgap_3.5_to_4.0eV,Fe,3.585028,0.7945,1.42995,2.447557451,265.7021588,22
qmof-57d5556,XENREO_FSR,bandgap_3.5_to_4.0eV,K,3.602916,0.56079,1.26817,1.90612934,631.407225,60
qmof-968da45,MADWEU_FSR,bandgap_3.5_to_4.0eV,Cu,3.582865,3.15767,4.44531,1.432266323,1722.499322,144
qmof-a14eac3,BIPFOX_FSR,bandgap_3.5_to_4.0eV,Ag,3.766614,0.84496,1.7248,2.858024233,749.8834627,72
qmof-10d06b5,CELVIB_FSR,bandgap_3.5_to_4.0eV,Cd,3.506605,2.88133,4.25251,1.595422557,1869.009402,132
qmof-f83cbe5,KELLAR_FSR,bandgap_3.5_to_4.0eV,Cs,3.959645,0.87514,1.35006,3.082912321,892.6469323,68
qmof-f734d57,LEVPAG_FSR,bandgap_3.5_to_4.0eV,Cu,3.538998,0.95929,2.49107,2.539110968,1068.05792,94
qmof-f57d767,PEBKIR_FSR,bandgap_3.5_to_4.0eV,Cu,3.52492,1.5468,2.88489,1.546811393,946.5147245,94
qmof-f9f0858,RBHSQU01_FSR,bandgap_3.5_to_4.0eV,Rb,3.977537,0.65699,1.59699,2.449698326,538.260246,40
qmof-ef62024,ECOXAX_FSR,bandgap_3.5_to_4.0eV,Cr,3.64723,1.00618,1.75041,1.480041657,880.4285972,102
qmof-9f4492d,HOBPAQ_FSR,bandgap_3.5_to_4.0eV,Ga,3.622744,1.14226,2.9965,2.93320418,1754.141627,140
qmof-e75ded3,SAFGEN_FSR,bandgap_3.5_to_4.0eV,K,3.564757,0.76789,1.83645,1.944063257,970.4183783,90
qmof-84604c2,GUYHOX_FSR,bandgap_3.5_to_4.0eV,Cd,3.646102,1.22627,2.38927,1.945121841,1725.376414,140
qmof-8f40bf6,CECROS_FSR,bandgap_4.0_to_4.5eV,Cd,4.46231,1.21867,2.46188,2.038054739,1220.742149,108
qmof-d1ca0dc,CENSUJ_FSR,bandgap_4.0_to_4.5eV,Ag,4.004374,0.81205,1.71161,2.055501525,882.5083146,84
qmof-893d0b0,JETJAW_FSR,bandgap_4.0_to_4.5eV,Co,4.30433,1.63647,3.01563,1.930389898,1450.349275,120
qmof-a0aca25,FAJNUZ_FSR,bandgap_4.0_to_4.5eV,Hg,4.097443,0.96671,1.63378,2.773468238,514.6386525,44
qmof-e9cc368,PAXKIL_FSR,bandgap_4.0_to_4.5eV,Cd,4.38514,0.57809,1.81625,3.44204406,481.2695077,46
qmof-201a793,MERXIR_FSR,bandgap_4.0_to_4.5eV,K,4.451317,1.03161,1.74334,1.391857249,922.3410975,92
qmof-ba5b808,BEGHAZ_FSR,bandgap_4.0_to_4.5eV,Cd,4.084263,0.81743,1.67491,2.247527597,668.8327191,66
qmof-94cbfb4,MUWFEP_FSR,bandgap_4.0_to_4.5eV,Ag,4.175519,1.5475,2.86335,2.052716076,971.0741526,100
qmof-18ee42c,MISLAC_FSR,bandgap_4.0_to_4.5eV,Zn,4.286035,2.00946,3.31473,1.746303904,1439.049967,146
qmof-5a932f7,IWEQIK_FSR,bandgap_4.0_to_4.5eV,Ga,4.224515,1.0175,1.62389,2.721649339,349.885834,32
qmof-2393523,PIJYAL_FSR,bandgap_4.0_to_4.5eV,K,4.001334,1.22409,2.1657,1.278296257,879.5148405,100
qmof-8ed0fbc,DAYGOB_FSR,bandgap_4.0_to_4.5eV,K,4.271227,1.27542,1.84539,2.769498226,556.6388841,50
qmof-e6ff6a8,GISQOR_FSR,bandgap_4.0_to_4.5eV,Ag,4.206863,0.99109,2.01252,2.106278612,1059.683818,92
qmof-3abd6b1,MIDZIJ_FSR,bandgap_4.0_to_4.5eV,Hg,4.205812,1.3294,3.08381,1.784530712,1594.988355,146
qmof-508fff5,CAJTOX_FSR,bandgap_4.0_to_4.5eV,K,4.028197,0.35253,1.21579,2.155491269,956.345385,68
qmof-9556813,HADYAN_FSR,bandgap_4.0_to_4.5eV,Ag,4.065367,1.04767,1.99389,2.349668653,1781.473992,144
qmof-b13bcc9,MUTKUH01_FSR,bandgap_4.0_to_4.5eV,Au,4.089011,1.07236,1.77742,4.28602555,1227.548189,108
qmof-839f4a1,JOVWUM_FSR,bandgap_4.0_to_4.5eV,Cd,4.12424,0.916,1.92607,2.95335204,413.0536278,30
qmof-f857f84,QIFNIC_FSR,bandgap_4.0_to_4.5eV,Ag,4.123511,0.95957,1.7962,1.968133229,1313.566838,148
qmof-a160a88,AHERUC_FSR,bandgap_4.0_to_4.5eV,Fe,4.209421,1.00147,2.37592,1.905796455,1461.331365,126
qmof-6e89a67,KUXFAK_FSR,bandgap_4.0_to_4.5eV,Na,4.352021,0.78079,1.73932,1.982908648,611.2223771,65
qmof-be99418,BOJMIY_FSR,bandgap_4.0_to_4.5eV,Li,4.099958,0.98712,1.94531,1.544275824,1286.90627,126
qmof-82c1116,NUMZUR_FSR,bandgap_4.0_to_4.5eV,Ag,4.209208,0.83576,1.62822,3.077654907,975.2759843,84
qmof-8c04c0e,NORYAW_FSR,bandgap_4.0_to_4.5eV,Cu,4.220352,0.98662,2.35279,1.768953558,749.8456104,76
qmof-be391c1,CAYSEB01_FSR,bandgap_4.0_to_4.5eV,Zn,4.044617,1.15018,2.48316,1.695671887,1181.565532,108
qmof-7b9dc87,KOLLAZ_FSR,bandgap_4.0_to_4.5eV,Na,4.219791,0.98216,1.8475,1.438040856,1096.136697,116
qmof-aa18cd2,UFADIP_FSR,bandgap_4.0_to_4.5eV,Na,4.414304,0.85727,1.94104,2.142513495,1097.40196,86
qmof-a1f00d0,KAVSIL_FSR,bandgap_4.0_to_4.5eV,Cd,4.250652,0.97065,1.56338,2.771793503,756.7629724,63
qmof-9d96a3f,DICHUV_FSR,bandgap_4.0_to_4.5eV,Na,4.034457,0.96224,1.87603,1.467362883,1169.38526,120
qmof-3eecf64,HUSQOC_FSR,bandgap_4.0_to_4.5eV,Mo,4.321457,1.34222,2.83855,2.364781979,630.6840319,62
qmof-717573d,RIQGOQ01_FSR,bandgap_4.0_to_4.5eV,Cu,4.079608,1.29532,2.33471,2.444006779,882.4840272,76
qmof-c2973f6,BEHWIU_FSR,bandgap_4.0_to_4.5eV,Na,4.021742,2.07954,2.70268,1.448828975,1092.205314,108
qmof-288158a,IQOLEF_FSR,bandgap_4.0_to_4.5eV,Ag,4.347247,0.81459,2.2412,2.29077333,1174.840659,100
qmof-c064653,KOBGEO_FSR,bandgap_4.0_to_4.5eV,Cu,4.248377,0.99063,1.92215,2.055015275,755.8567737,74
qmof-96226c0,JUCRII_FSR,bandgap_4.0_to_4.5eV,Zn,4.458005,1.13486,1.81893,1.646955141,1034.874762,96
qmof-4dfba06,NESFAT_FSR,bandgap_4.0_to_4.5eV,Cd,4.229093,0.84309,1.53551,2.386122572,476.959485,42
qmof-bfa6f76,HOPCAQ_FSR,bandgap_4.0_to_4.5eV,Cd,4.2997,1.10427,2.41922,2.019080577,671.9554936,60
qmof-ae70be0,NADWOG_FSR,bandgap_4.0_to_4.5eV,Zn,4.29772,1.31141,2.09793,1.804855282,643.3178852,66
qmof-c8d8074,IJOMOJ01_FSR,bandgap_4.0_to_4.5eV,Mn,4.473678,1.10513,2.03757,2.332366571,412.8565528,36
qmof-5f4dceb,LERDOD_FSR,bandgap_4.0_to_4.5eV,Ag,4.459997,0.972,3.11698,1.898559062,1449.032152,148
qmof-c46c71e,TACBEF_FSR,bandgap_4.0_to_4.5eV,Ni,4.095829,1.2035,2.33332,1.575752027,765.0528388,78
qmof-0280eec,NACVOC_FSR,bandgap_4.0_to_4.5eV,Ag,4.35335,1.02546,2.05122,1.945422331,500.2393764,40
qmof-9ba23c7,UCOCEV_FSR,bandgap_4.0_to_4.5eV,Sr,4.418257,1.08935,1.92439,1.938065695,812.0479134,90
qmof-e522407,DENVIC_FSR,bandgap_4.0_to_4.5eV,Cd,4.338352,0.9687,1.813,2.118991708,1483.407623,134
qmof-b8f1e8e,TILZIY_FSR,bandgap_4.0_to_4.5eV,Zn,4.311027,1.21531,1.63248,2.101468616,709.8097827,64
qmof-e78085a,WUBDII_FSR,bandgap_4.0_to_4.5eV,Co,4.473805,1.34214,2.07595,1.813299958,756.6622983,86
qmof-36f1dad,AXAWED_FSR,bandgap_4.0_to_4.5eV,Cd,4.030526,4.28824,4.71294,1.416264669,902.7573543,77
qmof-7ec7d41,EGAHOK_FSR,bandgap_4.0_to_4.5eV,Bi,4.217755,1.10217,2.25206,2.107942645,1286.397269,124
qmof-2959e3b,VIMXIZ_FSR,bandgap_4.0_to_4.5eV,Ni,4.276204,0.8738,2.74561,2.176435701,599.8968467,61
qmof-935da74,POKFUR_FSR,bandgap_4.0_to_4.5eV,Cd,4.268335,2.13054,3.31211,2.004463336,811.5720534,73
qmof-922a70e,ETAKIU_FSR,bandgap_4.5_to_5.0eV,Zn,4.922898,1.18392,2.23533,1.715197994,1385.112555,144
qmof-4877fcf,XUBHIM_FSR,bandgap_4.5_to_5.0eV,Co,4.662401,1.0692,1.84366,1.900092866,443.9100946,46
qmof-c7dcdee,MIZPAM_FSR,bandgap_4.5_to_5.0eV,Cd,4.997591,1.21544,1.98535,1.663736111,401.9199814,33
qmof-68bc391,DUVLOX_FSR,bandgap_4.5_to_5.0eV,Zn,4.939998,1.56998,2.45658,2.17797565,1265.373351,116
qmof-d7de157,RIGMEB_FSR,bandgap_4.5_to_5.0eV,Cd,4.807804,0.90635,1.42836,3.227434182,341.9595018,30
qmof-8dc27cb,QUNMOC_FSR,bandgap_4.5_to_5.0eV,Cd,4.936662,1.12375,1.76767,3.016657811,713.1320341,54
qmof-e024f70,AHEBOE_FSR,bandgap_4.5_to_5.0eV,Ag,4.926859,2.13975,3.64406,1.498646245,1295.565566,128
qmof-68a8f48,AQOWUZ_FSR,bandgap_4.5_to_5.0eV,Zn,4.828193,1.10328,2.03983,1.645166093,1344.382721,134
qmof-ea9dec3,GAYHUL_FSR,bandgap_4.5_to_5.0eV,Ag,4.566922,1.10439,2.40297,2.594843909,565.6270668,56
qmof-dab305c,COCKAJ_FSR,bandgap_4.5_to_5.0eV,Hg,4.505647,1.65738,4.15652,2.091204874,1716.027055,144
qmof-41dd424,LOKBUJ_FSR,bandgap_4.5_to_5.0eV,Er,4.826415,0.96767,2.07451,2.663581864,260.2243278,26
qmof-c45b2d5,NIZFEJ_FSR,bandgap_4.5_to_5.0eV,Na,4.661618,1.18319,1.92207,1.597188721,744.8501247,78
qmof-22d73d6,OYEJAE_FSR,bandgap_4.5_to_5.0eV,Cd,4.879796,1.00778,1.95513,2.130542151,981.1410193,92
qmof-748d5a0,VOHBOL_FSR,bandgap_4.5_to_5.0eV,Na,4.53789,0.97731,1.55975,1.764945897,568.4932355,48
qmof-3a184d1,LUYRII_FSR,bandgap_4.5_to_5.0eV,Mo,4.528996,1.71492,3.07358,1.984310157,934.2575602,92
qmof-a4ff7f7,SEDDOX_FSR,bandgap_4.5_to_5.0eV,Li,4.95417,1.33478,2.07214,1.582446373,713.766502,76
qmof-e0ac9d9,IXOVUM_FSR,bandgap_4.5_to_5.0eV,Cu,4.844065,2.93256,3.85599,1.710152863,1761.868137,148
qmof-9a71eae,GIGVOI_FSR,bandgap_4.5_to_5.0eV,Na,4.514826,0.85084,1.85272,1.913133033,1074.649794,86
qmof-8cc38c9,AWONIK_FSR,bandgap_4.5_to_5.0eV,Cd,4.878606,0.9881,1.85275,2.701290985,699.4224464,48
qmof-de1875e,YIHVUJ_FSR,bandgap_4.5_to_5.0eV,Cd,4.853241,1.02142,1.70185,1.867920768,411.9547954,36
qmof-11627b4,KEHWAY01_FSR,bandgap_4.5_to_5.0eV,K,4.872454,0.78201,1.90268,1.778852281,1352.706395,136
qmof-6ecd9da,BEKVOD_FSR,bandgap_4.5_to_5.0eV,Zn,4.844705,1.80428,2.92645,1.741425497,1462.182734,126
qmof-62da067,ALEQIS_FSR,bandgap_4.5_to_5.0eV,Ag,4.939162,2.96026,3.13063,2.377504323,1234.630866,112
qmof-6bf5ba1,BAPYID_FSR,bandgap_4.5_to_5.0eV,Ag,4.575747,1.44911,3.6893,1.765983351,1218.864324,120
qmof-4a7d9c5,EMEYEB_FSR,bandgap_4.5_to_5.0eV,Zn,4.836261,0.7731,2.62718,2.614887505,1130.153925,100
qmof-5e1817a,BUBSOI_FSR,bandgap_4.5_to_5.0eV,Sn,4.958299,0.94606,2.35999,1.595386464,1235.019683,122
qmof-77ebf11,DAPJUB_FSR,bandgap_4.5_to_5.0eV,Ag,4.651943,1.47305,2.57493,1.897511521,521.757512,50
qmof-c0f6f4f,HEFYUN_FSR,bandgap_4.5_to_5.0eV,Cd,4.642063,0.8852,1.89644,1.845127512,843.8729567,74
qmof-a0b6754,UGUJOW01_FSR,bandgap_4.5_to_5.0eV,Zn,4.784463,1.04522,2.09764,1.782874491,1112.403967,100
qmof-b488bac,WENBEW_FSR,bandgap_4.5_to_5.0eV,Cu,4.769536,1.1359,1.9314,1.680591291,979.051635,96
qmof-6b0ca56,HARGIT_FSR,bandgap_4.5_to_5.0eV,Co,4.712308,1.08618,3.59864,1.881168272,772.4633122,75
qmof-73f219a,GIRHEV_FSR,bandgap_4.5_to_5.0eV,Ag,4.562216,0.89356,3.04632,1.903001495,1211.431808,116
qmof-b4d8dac,LEQYEN_FSR,bandgap_4.5_to_5.0eV,Na,4.936758,0.9356,1.70187,1.641807405,971.7976516,96
qmof-50a1922,PATQIM_FSR,bandgap_4.5_to_5.0eV,Cd,4.940921,1.17465,4.84726,1.47042569,1367.936517,109
qmof-3370ec9,CEGFEA02_FSR,bandgap_4.5_to_5.0eV,Ag,4.658937,0.97361,1.55737,2.611473453,480.6210376,48
qmof-d159e42,VOPWUT_FSR,bandgap_4.5_to_5.0eV,Ag,4.768001,1.19624,2.09423,2.026755523,765.8788729,66
qmof-1abf3bc,FUXBUX_FSR,bandgap_4.5_to_5.0eV,Cs,4.564335,1.6036,3.99092,1.584979639,1228.320218,98
qmof-5a4677e,APEREU_FSR,bandgap_4.5_to_5.0eV,Ag,4.692407,0.73497,1.71696,2.595551414,380.4540741,41
qmof-e3accad,QOXFOY_FSR,bandgap_4.5_to_5.0eV,Zn,4.885047,1.12847,2.60273,1.747463168,592.0969576,56
qmof-7166b5b,HEVXAI_FSR,bandgap_4.5_to_5.0eV,Cd,4.900202,1.18398,2.45593,2.037751622,799.3922561,80
qmof-4551e80,EHOXAB_FSR,bandgap_4.5_to_5.0eV,La,4.856371,0.85549,1.66678,2.666321826,582.9310579,54
qmof-e37cd72,EVAHAM_FSR,bandgap_4.5_to_5.0eV,Na,4.754631,1.127,1.65957,1.794336059,1252.06027,124
qmof-7101119,XIHDEY_FSR,bandgap_4.5_to_5.0eV,Ag,4.701838,0.93048,1.75713,1.864166903,835.9451891,82
qmof-933d49a,SOXXEJ_FSR,bandgap_4.5_to_5.0eV,K,4.989699,1.11644,2.35634,1.783387836,1150.881759,98
qmof-932fda1,EGISEU_FSR,bandgap_4.5_to_5.0eV,Ca,4.997058,0.8392,2.38199,1.69725915,671.6874595,62
qmof-3eaeab9,EBIBAU_FSR,bandgap_4.5_to_5.0eV,Ag,4.678366,2.09578,3.27115,1.705414039,1394.797829,126
qmof-aac42c8,QECDAF_FSR,bandgap_4.5_to_5.0eV,Li,4.851887,0.69464,1.48392,2.026216072,649.0981465,68
qmof-e210593,PIBSOL_FSR,bandgap_4.5_to_5.0eV,Ag,4.655892,0.74006,2.15934,2.801350252,495.437214,52
qmof-516c93f,MOGVIO_FSR,bandgap_4.5_to_5.0eV,Cd,4.532784,0.58574,1.39624,3.066647353,633.65175,64
qmof-ac050b9,EXOKOR01_FSR,bandgap_4.5_to_5.0eV,Zn,4.576663,0.79652,2.29731,2.03932666,673.1014148,75
qmof-c304ffc,TOPPOF_FSR,bandgap_5.0_to_5.5eV,Pd,5.319784,1.40532,2.08781,1.753164111,494.6139043,46
qmof-f32d2f0,GOQXAN_FSR,bandgap_5.0_to_5.5eV,Cd,5.040382,2.30675,3.78527,1.674038168,1454.774669,132
qmof-beb31d6,GABDAP_FSR,bandgap_5.0_to_5.5eV,Ag,5.485406,0.79472,1.61242,2.240492791,574.6473535,54
qmof-3b5b6a1,MAJDEI_FSR,bandgap_5.0_to_5.5eV,Ag,5.03612,0.98959,2.31668,2.089866467,726.5162142,66
qmof-b3c62d0,BODKEL_FSR,bandgap_5.0_to_5.5eV,Ba,5.194852,0.90701,1.96806,2.202226251,1506.141874,140
qmof-a6dc226,ROFNAE_FSR,bandgap_5.0_to_5.5eV,Zn,5.083549,0.82713,1.96863,1.700986144,1357.82462,136
qmof-f73a457,LAJWUQ_FSR,bandgap_5.0_to_5.5eV,Dy,5.431561,1.07474,1.79795,2.556723692,952.5838323,88
qmof-cdc8395,JEXWIS_FSR,bandgap_5.0_to_5.5eV,Cd,5.039067,0.98704,1.93507,1.993170122,1422.176556,124
qmof-a569078,JADRUC_FSR,bandgap_5.0_to_5.5eV,Cd,5.116957,1.8438,2.52594,2.214184449,401.1310996,34
qmof-1279fa4,LERNIG_FSR,bandgap_5.0_to_5.5eV,In,5.048369,1.35583,2.19408,1.764167401,1012.973677,112
qmof-5350baf,GAWHAP_FSR,bandgap_5.0_to_5.5eV,K,5.174427,0.9041,2.5801,1.362594706,1178.57663,124
qmof-18059b1,AYECOX_FSR,bandgap_5.0_to_5.5eV,Cd,5.486447,0.98625,1.6481,1.933964443,1127.643803,110
qmof-4c113e7,IGISAU_FSR,bandgap_5.0_to_5.5eV,K,5.152694,0.69574,2.11898,2.027286143,848.3296907,78
qmof-5c584aa,BABQUS_FSR,bandgap_5.0_to_5.5eV,Zn,5.251933,0.95821,1.74327,1.972164219,1042.272789,104
qmof-13da5e7,RIGMIF_FSR,bandgap_5.0_to_5.5eV,Cd,5.240805,0.84224,1.32144,2.597039059,311.2780664,30
qmof-7494173,DUKXAK_FSR,bandgap_5.0_to_5.5eV,Cd,5.259742,1.13895,2.18873,1.862614606,1122.113572,120
qmof-c674a2d,OGAVIB_FSR,bandgap_5.0_to_5.5eV,Ag,5.167291,0.85136,1.91994,2.20065225,463.3329883,48
qmof-d549d54,VEPNEJ_FSR,bandgap_5.0_to_5.5eV,Cd,5.208412,0.87745,1.83701,1.84332619,873.2025855,86
qmof-e68f2b2,NIFORM01_FSR,bandgap_5.0_to_5.5eV,Ni,5.279698,0.75133,1.61812,2.231093398,550.0429019,60
qmof-71d599e,MAYWOB_FSR,bandgap_5.0_to_5.5eV,Cd,5.281133,3.81334,4.09166,1.338231677,1220.337035,133
qmof-d0bd86a,FOSZIY_FSR,bandgap_5.0_to_5.5eV,Zn,5.03245,0.76725,1.60132,2.115952758,906.478518,94
qmof-064173c,MUKJOT_FSR,bandgap_5.0_to_5.5eV,Mn,5.123372,0.77393,1.75049,2.132516361,862.3716687,74
qmof-f2c3a63,GOFNEV_FSR,bandgap_5.0_to_5.5eV,Cd,5.030247,0.70647,1.79301,2.269590511,559.8923325,54
qmof-4a6ced3,TIWRUN_FSR,bandgap_5.0_to_5.5eV,K,5.178378,0.95188,1.82893,2.255441764,737.3329561,54
qmof-843e83f,BUXFUW_FSR,bandgap_5.0_to_5.5eV,Ni,5.111711,1.4139,2.81972,1.457809419,1270.867469,116
qmof-ea6c0f9,ROGSUC_FSR,bandgap_5.0_to_5.5eV,Na,5.181255,0.71587,1.42545,1.848508996,640.0997031,68
qmof-f99af63,DUKXOY_FSR,bandgap_5.0_to_5.5eV,Cd,5.165501,1.88508,4.66785,1.667627516,2059.690387,144
qmof-767b522,GUPCOK01_FSR,bandgap_5.0_to_5.5eV,Cd,5.084382,1.13943,2.20043,1.677717394,898.6710999,87
qmof-6abc890,BAYQAU03_FSR,bandgap_5.0_to_5.5eV,Cd,5.05309,1.1719,2.02732,2.081719725,1573.334985,136
qmof-c14118a,DURMEJ_FSR,bandgap_5.0_to_5.5eV,K,5.048688,1.00809,1.62704,1.687034501,934.1000508,92
qmof-21e0017,MIWBEZ_FSR,bandgap_5.0_to_5.5eV,Zn,5.021563,1.04263,3.03226,1.556661244,801.4815505,74
qmof-7144491,WIKMAH_FSR,bandgap_5.0_to_5.5eV,Na,5.255924,0.71664,1.35977,1.766624331,598.1084565,64
qmof-7a9c4b8,LARFIW_FSR,bandgap_5.0_to_5.5eV,Zn,5.426293,1.04143,2.36342,1.508953385,794.0089606,90
qmof-c30b37f,DADMEB01_FSR,bandgap_5.0_to_5.5eV,Zn,5.295225,0.81727,1.62416,2.116113027,488.9360913,54
qmof-4e25873,YIKBOM_FSR,bandgap_5.0_to_5.5eV,Co,5.043881,1.25745,1.71253,2.585413509,473.4584083,44
qmof-6f3a9f6,XELVOC_FSR,bandgap_5.0_to_5.5eV,Ba,5.266225,0.87684,1.61573,2.38929049,501.0449473,50
qmof-7c66e3b,QOGXIU_FSR,bandgap_5.0_to_5.5eV,Cd,5.066657,1.04479,1.92026,1.640361938,721.7664689,73
qmof-a6675c1,MIBQAP_FSR,bandgap_5.0_to_5.5eV,Li,5.329457,1.00606,2.00876,1.278013132,1243.498768,136
qmof-35705d6,MAKZON_FSR,bandgap_5.0_to_5.5eV,Pb,5.116314,1.68206,2.99329,2.805648637,470.2975626,40
qmof-2799dff,WAQYIW_FSR,bandgap_5.0_to_5.5eV,Cs,5.387241,1.0539,2.15952,2.109212036,957.6438594,76
qmof-788acd1,BEMLAI_FSR,bandgap_5.0_to_5.5eV,Li,5.201715,1.32465,1.7881,1.724897011,385.154602,36
qmof-a13b727,OKUWUO01_FSR,bandgap_5.0_to_5.5eV,Zn,5.347167,0.91234,1.88117,2.64134001,734.7413196,74
qmof-4280630,JIPYEP_FSR,bandgap_5.0_to_5.5eV,Sn,5.077247,1.36031,2.75189,1.661111239,1117.240316,110
qmof-4e5eb48,TISLAJ_FSR,bandgap_5.0_to_5.5eV,Zn,5.125936,1.04837,2.39523,2.336574786,1009.017589,88
qmof-0b8f2da,EQUHAZ_FSR,bandgap_5.0_to_5.5eV,Cd,5.248334,1.66053,3.28724,1.695675115,1176.323396,105
qmof-b0cfefa,KIDLOZ_FSR,bandgap_5.0_to_5.5eV,Cd,5.434794,1.20232,2.18202,2.243934707,607.732506,64
qmof-6060b72,CISLIB_FSR,bandgap_5.0_to_5.5eV,Na,5.31113,0.91565,1.38302,2.043835398,273.9371167,24
qmof-25e06cf,WAGXAD01_FSR,bandgap_5.0_to_5.5eV,Li,5.18776,0.91765,2.39863,1.349594209,452.8965021,48
qmof-c042375,UVOBIR01_FSR,bandgap_5.0_to_5.5eV,Ag,5.320545,0.98887,1.88718,2.399711722,805.4758547,84
qmof-cd10167,YOQMEY_FSR,bandgap_5.0_to_5.5eV,Cd,5.158906,1.10147,2.50266,1.75346491,823.3715389,84
qmof-8f2ae02,XESBUT_FSR,bandgap_5.5_to_6.0eV,Cd,5.887611,1.08539,1.78386,1.881677078,323.5637865,33
qmof-f917bec,BEVJES_FSR,bandgap_5.5_to_6.0eV,Zn,5.839082,1.13609,1.82269,2.531908301,821.9628184,68
qmof-2b46da3,NEWCUP_FSR,bandgap_5.5_to_6.0eV,Cd,5.601437,0.79128,2.24348,1.81930492,1608.978979,148
qmof-7e2c431,HOZXAX_FSR,bandgap_5.5_to_6.0eV,Cd,5.558991,0.856,1.87027,2.098752858,1078.027947,116
qmof-5991f0e,OGOWUD_FSR,bandgap_5.5_to_6.0eV,Cd,5.570145,1.29713,2.72308,1.888207367,987.6400803,86
qmof-3ad55a3,HAFDOI_FSR,bandgap_5.5_to_6.0eV,Cd,5.635391,2.02337,5.26396,1.639587683,2550.143396,132
qmof-34f7631,XADRAY_FSR,bandgap_5.5_to_6.0eV,Cd,5.859263,0.93443,2.03998,2.109537268,933.4894993,88
qmof-32f666c,IFUJID_FSR,bandgap_5.5_to_6.0eV,Na,5.751415,1.15744,1.60981,1.719818489,703.6575932,64
qmof-1339fce,HEJQIZ_FSR,bandgap_5.5_to_6.0eV,Zn,5.788328,4.27064,5.90013,1.446751283,1387.818682,90
qmof-617f5a1,GUJTUB_FSR,bandgap_5.5_to_6.0eV,Hg,5.862625,1.24864,2.03127,2.349473687,963.4027041,92
qmof-15fda22,EKEHUZ_FSR,bandgap_5.5_to_6.0eV,Zn,5.89364,4.27403,4.61509,1.69418747,1184.842937,96
qmof-126e41c,EHETER01_FSR,bandgap_5.5_to_6.0eV,Zn,5.715656,1.01881,1.82882,1.610287544,790.8961162,87
qmof-fc8dd71,HEPNIA_FSR,bandgap_5.5_to_6.0eV,Li,5.668543,1.00547,1.72204,1.585178258,1066.634726,100
qmof-efb2482,EZABEN_FSR,bandgap_5.5_to_6.0eV,Cd,5.785021,1.12426,2.30724,2.219834624,1187.825255,102
qmof-28949da,KUQYIF_FSR,bandgap_5.5_to_6.0eV,Na,5.56487,1.0928,2.46138,1.881411728,1082.393149,116
qmof-0dfada7,PEPWIR_FSR,bandgap_5.5_to_6.0eV,Cd,5.860171,1.14138,2.10453,2.333122196,630.7802291,49
qmof-ae1a5ff,PEPWOX_FSR,bandgap_5.5_to_6.0eV,Cd,5.601257,0.91335,1.85461,1.979142963,665.7378213,54
qmof-e0ec160,IFUGEX_FSR,bandgap_5.5_to_6.0eV,Ca,5.968501,1.08235,1.663,1.521543226,681.550221,70
qmof-bda49bd,LALZIJ_FSR,bandgap_5.5_to_6.0eV,Zn,5.940829,0.78227,1.98164,2.138794226,1357.267366,148
qmof-310a9ef,NAPTAA_FSR,bandgap_5.5_to_6.0eV,Cd,5.819457,1.03051,1.95658,1.93761006,592.204667,50
qmof-8da777e,MERFAT_FSR,bandgap_5.5_to_6.0eV,Cd,5.575146,1.28478,1.9738,2.363483814,881.1712623,88
qmof-cf1e4d0,NEWQEN01_FSR,bandgap_5.5_to_6.0eV,Ca,5.8606,1.13654,2.31989,1.968653288,573.5648317,48
qmof-5e02587,KEKXAB_FSR,bandgap_5.5_to_6.0eV,Zn,5.539289,0.96656,1.82168,1.712723841,659.5775677,76
qmof-f528aef,IJIWOO_FSR,bandgap_5.5_to_6.0eV,K,5.674639,0.97999,1.59353,1.763686994,245.1409093,28
qmof-71e5f47,HIBGEF_FSR,bandgap_5.5_to_6.0eV,Mg,5.944742,1.1299,2.35406,1.58435124,1656.373505,140
qmof-f19982c,QEYWIB_FSR,bandgap_5.5_to_6.0eV,Zn,5.546759,1.37153,2.35306,1.724654117,939.1877551,90
qmof-64496fb,FATHAM_FSR,bandgap_5.5_to_6.0eV,K,5.994141,0.64756,1.98263,1.850423297,1016.557694,88
qmof-d69dd6c,IKOMIE_FSR,bandgap_5.5_to_6.0eV,Sr,5.588639,0.96791,2.43377,1.678126926,1326.132856,142
qmof-956f0fd,MISHAY_FSR,bandgap_5.5_to_6.0eV,Cd,5.709686,1.02934,2.261,2.123917344,620.1515409,58
qmof-01fd9b9,OHEMET_FSR,bandgap_5.5_to_6.0eV,Ag,5.565862,0.96592,1.8807,2.14788911,1021.963219,96
qmof-f3b9a1a,BENWAU_FSR,bandgap_5.5_to_6.0eV,Cd,5.644904,2.13132,4.14938,1.888752818,1495.255477,134
qmof-bd158a6,YAHLOJ_FSR,bandgap_5.5_to_6.0eV,Zn,5.941447,1.5369,2.27202,2.013475958,522.1137967,54
qmof-4e55d23,TAPVAK_FSR,bandgap_5.5_to_6.0eV,Zn,5.941114,0.83071,1.62525,1.64045676,633.0569745,78
qmof-b8e36f9,KAHMIR_FSR,bandgap_5.5_to_6.0eV,Organic_Only,5.760102,1.42267,2.56081,1.792058221,1042.453354,125
qmof-ae62f99,EKIDOS_FSR,bandgap_5.5_to_6.0eV,Sm,5.565118,0.88405,2.15447,2.180438658,1442.874723,148
qmof-f38090a,OMICUJ_FSR,bandgap_5.5_to_6.0eV,Zn,5.663257,1.62591,2.68818,2.054476585,1483.873503,138
qmof-0d028a0,HUDQON_FSR,bandgap_5.5_to_6.0eV,Sn,5.76155,1.07244,1.97042,1.640351999,1170.059215,124
qmof-1b1031a,FAMZIE_FSR,bandgap_5.5_to_6.0eV,Sn,5.897049,1.33056,2.05792,1.985126894,769.0668232,78
qmof-0c65e4f,MITROX_FSR,bandgap_5.5_to_6.0eV,Cd,5.942596,1.35638,2.95115,1.912092457,848.8723785,94
qmof-db63f95,PESTAK01_FSR,bandgap_5.5_to_6.0eV,Er,5.870097,1.23419,2.31904,2.124331399,1283.487755,132
qmof-a5f7f52,XILXIB_FSR,bandgap_5.5_to_6.0eV,Sr,5.74783,0.84624,2.28596,2.542243292,543.8792467,50
qmof-9794e9c,BERRUN_FSR,bandgap_5.5_to_6.0eV,Cd,5.636034,1.16844,2.25127,1.884448579,692.0044671,66
qmof-5c3a722,GALSER_FSR,bandgap_5.5_to_6.0eV,Zn,5.503963,0.87072,1.69925,1.955241301,1243.991364,124
qmof-b06367f,NAMCUA_FSR,bandgap_5.5_to_6.0eV,Zn,5.548659,0.7327,1.43969,2.156726617,401.2941597,44
qmof-42bd54c,HUHHIC_FSR,bandgap_5.5_to_6.0eV,Zn,5.596321,1.02958,1.82887,2.058644792,785.8511718,80
qmof-f17aef1,OHIVUW_FSR,bandgap_5.5_to_6.0eV,Na,5.947849,0.82951,1.46018,1.661217832,920.2282827,104
qmof-4cd6b6d,KOMGUP_FSR,bandgap_5.5_to_6.0eV,Zn,5.531656,4.15105,5.36653,1.516489876,1563.516383,96
qmof-16dfff2,APANAI_FSR,bandgap_5.5_to_6.0eV,Na,5.784015,0.71956,1.47842,1.883049324,928.0789238,102
qmof-cf57844,OKINUS_FSR,bandgap_5.5_to_6.0eV,K,5.898276,0.48333,2.28089,1.75461481,750.3501786,76
qmof-5c17b15,DERJIT_FSR,bandgap_5.5_to_6.0eV,Na,5.890586,1.09889,2.10781,1.575127673,1352.174909,136
qmof-cd6091d,DEWHET_FSR,bandgap_6.0_to_6.5eV,Zn,6.026311,0.76537,1.89203,2.105282743,730.7214221,84
qmof-0f5c9ec,QUCTIS_FSR,bandgap_6.0_to_6.5eV,Cd,6.306064,1.52142,2.55969,1.493937479,832.6917328,94
qmof-0138e8e,YARYEV_FSR,bandgap_6.0_to_6.5eV,Cd,6.186547,4.1613,5.78485,1.083765472,1112.22779,36
qmof-2e677ab,GOCVID_FSR,bandgap_6.0_to_6.5eV,Na,6.235258,0.97514,1.84457,1.275532195,1104.117682,128
qmof-a83960a,PUFWIX_FSR,bandgap_6.0_to_6.5eV,Na,6.381859,1.01227,2.1884,1.817705699,987.0773418,100
qmof-74b2b06,MAKSUN_FSR,bandgap_6.0_to_6.5eV,Zn,6.282379,1.00165,2.2724,1.817992206,815.6420622,82
qmof-0993d90,ONATUT_FSR,bandgap_6.0_to_6.5eV,Zn,6.13667,1.26158,2.18989,2.155688406,1414.510262,136
qmof-8f7bf53,XAYYUR01_FSR,bandgap_6.0_to_6.5eV,Zn,6.484603,0.87455,2.10921,2.362347311,986.5501298,96
qmof-f876822,TOFJAZ_FSR,bandgap_6.0_to_6.5eV,Al,6.26252,1.07857,1.59277,2.576143598,457.3945597,36
qmof-6eb895d,COQWUC_FSR,bandgap_6.0_to_6.5eV,Zn,6.191594,1.12411,2.2783,1.884657383,887.6617702,78
qmof-8e9a95c,YOPYIL01_FSR,bandgap_6.0_to_6.5eV,Zn,6.274613,1.17349,2.5209,2.17294872,516.3439469,36
qmof-e834939,KIJSII_FSR,bandgap_6.0_to_6.5eV,Zn,6.084317,1.15315,1.99621,1.702835896,1195.640782,116
qmof-b8d6e0a,QARWEN_FSR,bandgap_6.0_to_6.5eV,Cs,6.1804,0.78799,2.44112,2.601339749,758.2000992,56
qmof-8547db1,UBUQAM_FSR,bandgap_6.0_to_6.5eV,Na,6.396035,0.98301,1.38737,1.789397117,387.1058719,44
qmof-2f2b6f8,GEKJUB_FSR,bandgap_6.0_to_6.5eV,Na,6.01177,1.19997,2.09051,1.822086545,1035.528591,100
qmof-0e22315,RUGJAG_FSR,bandgap_6.0_to_6.5eV,Yb,6.364242,0.85697,1.36114,2.726494134,242.5029064,25
qmof-0fde3f5,RIFWEJ_FSR,bandgap_6.0_to_6.5eV,Rb,6.4986,1.15332,2.3007,1.851457485,946.0211163,96
qmof-964c967,SEBMER01_FSR,bandgap_6.0_to_6.5eV,Sr,6.241717,0.87994,1.91614,1.998282441,953.234815,108
qmof-f257e1e,VONCUY_FSR,bandgap_6.0_to_6.5eV,Zn,6.442738,1.00944,1.60273,2.410354808,494.4988797,50
qmof-361e7a4,KUPTOE_FSR,bandgap_6.0_to_6.5eV,Zn,6.076524,1.01418,3.03108,1.455955773,1085.282014,110
qmof-64088a1,MUPYEC_FSR,bandgap_6.0_to_6.5eV,Zn,6.464928,1.1741,1.83873,2.52840938,605.6227525,56
qmof-185eeb8,GIYKAB_FSR,bandgap_6.0_to_6.5eV,Zn,6.244844,1.10055,1.93205,1.794654589,532.300409,62
qmof-0c9867d,EWUSIZ_FSR,bandgap_6.0_to_6.5eV,Zn,6.313823,1.06981,2.25593,1.738621646,1228.707509,124
qmof-951d08f,FAFMAD01_FSR,bandgap_6.0_to_6.5eV,K,6.486678,1.12611,1.83841,1.70325592,519.1343105,54
qmof-bb63e19,IZEBOF_FSR,bandgap_6.0_to_6.5eV,Zn,6.136318,1.28281,2.27297,1.827582243,1147.069519,128
qmof-9384b06,BEZSIK_FSR,bandgap_6.0_to_6.5eV,Bi,6.29615,0.8197,1.39266,3.071774228,1140.148295,112
qmof-5fd4397,RINFEB_FSR,bandgap_6.0_to_6.5eV,Pr,6.436431,0.92804,2.40012,3.099225855,688.0020386,62
qmof-21f8c6f,SOGXAO_FSR,bandgap_6.0_to_6.5eV,Sr,6.486426,2.2617,2.49259,2.042636284,961.4834013,88
qmof-867986f,PEWDEC_FSR,bandgap_6.0_to_6.5eV,Zn,6.260868,1.29229,2.32777,1.666978965,1050.425283,116
qmof-c31ac3d,OHAYUS_FSR,bandgap_6.0_to_6.5eV,Gd,6.198859,1.11272,2.20126,2.348420242,629.9317041,62
qmof-a8b674d,JICGEK_FSR,bandgap_6.0_to_6.5eV,Zn,6.095135,0.8483,1.84435,2.042159013,739.9239394,72
qmof-06a0289,INEHUF_FSR,bandgap_6.0_to_6.5eV,Zn,6.346608,1.1888,2.19218,1.626954364,1389.70675,147
qmof-40b4231,XIBPII_FSR,bandgap_6.0_to_6.5eV,Na,6.148366,1.01391,2.21335,1.900017494,295.5231183,30
qmof-ba39404,CDCYAC_FSR,bandgap_6.0_to_6.5eV,Cd,6.311617,1.37476,2.0457,2.328879043,800.0604977,68
qmof-130af1f,XORWAD_FSR,bandgap_6.0_to_6.5eV,La,6.359566,1.26532,4.15102,2.134871176,1028.360253,86
qmof-e7fc863,GOJFIW_FSR,bandgap_6.0_to_6.5eV,Ba,6.466814,1.11545,2.04919,2.329994116,751.6602577,72
qmof-9492dc7,EDAKIE_FSR,bandgap_6.0_to_6.5eV,K,6.486104,1.21366,2.00768,1.757116712,359.4787271,36
qmof-c213e54,HEFXIZ_FSR,bandgap_6.0_to_6.5eV,Li,6.021106,2.14797,2.46875,1.410110814,325.1362138,34
qmof-56ace0f,VOHSER_FSR,bandgap_6.0_to_6.5eV,Na,6.154754,1.09614,3.27469,1.483790247,725.7129819,84
qmof-1a54c0d,LAWNUU_FSR,bandgap_6.0_to_6.5eV,Zn,6.284527,0.64722,1.85187,2.728043315,699.3088594,70
qmof-c3c786f,QAKBUZ_FSR,bandgap_6.0_to_6.5eV,Zn,6.026458,1.18765,1.83765,1.659793979,471.3546979,46
qmof-6bdb3b0,FIYJOP_FSR,bandgap_6.0_to_6.5eV,Nd,6.1425,1.0847,2.35571,3.082619613,610.5358537,48
qmof-93c4073,LUGVUF_FSR,bandgap_6.0_to_6.5eV,Zn,6.078455,0.87007,2.7676,2.12328211,1379.650515,148
qmof-3d6f298,XOJJIQ_FSR,bandgap_6.0_to_6.5eV,Nd,6.158887,1.35198,2.29307,1.947822234,921.6281505,86
qmof-0cd5578,OQUWOO_FSR,bandgap_6.0_to_6.5eV,K,6.204047,0.87443,2.13936,1.742653582,1095.997555,108
qmof-b247070,QICTEC_FSR,bandgap_6.0_to_6.5eV,Zn,6.208565,1.02399,3.27002,2.350738706,1082.36346,104
qmof-79371d1,NAJGAH_FSR,bandgap_6.0_to_6.5eV,Nd,6.449947,1.86834,2.34922,1.869998622,851.7044702,94
qmof-4adeac5,OQEVUD_FSR,bandgap_6.0_to_6.5eV,Ca,6.183249,0.98907,2.13063,1.474181656,1289.561624,128
qmof-a81b7c9,RUDVAO_FSR,bandgap_6.0_to_6.5eV,Zn,6.090174,1.00979,1.93815,1.829092268,1153.316193,108
qmof-c124b27,BUDCIN_FSR,bandgap_6.0_to_6.5eV,K,6.05423,0.50529,1.54815,1.804146096,644.9502592,64
qmof-921bc5e,SAPKIF_FSR,bandgap_6.5_to_7.0eV,La,6.569318,0.97298,1.64442,2.807616809,1518.934465,148
qmof-2a5ad82,SIVGOV_FSR,bandgap_6.5_to_7.0eV,Zn,6.886243,3.89825,5.17115,1.128265531,681.5822307,38
qmof-b4b5423,BUBGAG_FSR,bandgap_6.5_to_7.0eV,Al,6.754743,1.11252,2.7146,1.494218165,492.189395,36
qmof-cb60298,DEDKEE_FSR,bandgap_6.5_to_7.0eV,Ca,6.562378,1.21087,1.70922,1.966798633,621.6495293,54
qmof-1339194,SOQRAS_FSR,bandgap_6.5_to_7.0eV,Zn,6.577539,0.93452,1.88535,2.249576819,633.2028506,56
qmof-d91e33b,IXIMUX_FSR,bandgap_6.5_to_7.0eV,Na,6.885574,1.24442,3.55132,1.40214783,672.9481164,62
qmof-1026675,CEDHEZ_FSR,bandgap_6.5_to_7.0eV,Sr,6.639442,1.03866,1.96405,1.959650738,577.3905824,58
qmof-9c0bd55,KUZHAQ_FSR,bandgap_6.5_to_7.0eV,Cs,6.866247,0.84094,2.16891,2.263700035,467.2547973,44
qmof-2397f35,RIFVOS_FSR,bandgap_6.5_to_7.0eV,Na,6.718143,0.85248,2.0967,1.639887921,815.0124264,96
qmof-f1c5f8a,XEFPAB_FSR,bandgap_6.5_to_7.0eV,Gd,6.826331,1.13493,1.70931,2.468816026,479.4143719,50
qmof-a1e22bf,SAQYOZ_FSR,bandgap_6.5_to_7.0eV,Zn,6.900743,0.97407,1.82324,2.410978133,552.2803348,60
qmof-edb3d86,BUQCEV_FSR,bandgap_6.5_to_7.0eV,Ca,6.633356,0.78245,2.50337,1.866443411,1107.236489,108
qmof-8929658,VIWFOW_FSR,bandgap_6.5_to_7.0eV,Na,6.501324,0.96722,2.12,1.574088377,394.8071164,44
qmof-84d07ac,VIVRIC_FSR,bandgap_6.5_to_7.0eV,K,6.858087,0.80177,2.09174,1.703450582,956.1278302,98
qmof-c931987,CALBEY_FSR,bandgap_6.5_to_7.0eV,Mg,6.56836,1.36746,2.7076,1.465431332,1117.467272,124
qmof-b759a0a,WUWYUI_FSR,bandgap_6.5_to_7.0eV,Ca,6.89352,0.87912,1.62363,2.089406017,505.6560457,50
qmof-e4d85d4,REZWIE_FSR,bandgap_6.5_to_7.0eV,Ca,6.687449,0.95273,1.79587,1.68998164,489.5332176,44
qmof-92fd333,GIHWOJ01_FSR,bandgap_6.5_to_7.0eV,Ca,6.805863,0.84104,1.82556,1.671436023,397.8714479,43
qmof-e2ec095,DULSIN01_FSR,bandgap_6.5_to_7.0eV,Na,6.508795,0.54962,1.54431,1.882803044,335.2892642,38
qmof-a49c0de,LAYZOC_FSR,bandgap_6.5_to_7.0eV,Ca,6.629077,1.09254,1.64347,1.758617512,763.6256089,72
qmof-980b76e,POYRUR_FSR,bandgap_6.5_to_7.0eV,Zn,6.578255,0.91208,1.92183,2.206901026,823.2547518,92
qmof-d81ebae,RIWGEJ_FSR,bandgap_6.5_to_7.0eV,Ca,6.637562,1.11602,1.7847,1.856418091,529.8582937,58
qmof-c461512,FAFHIG_FSR,bandgap_6.5_to_7.0eV,Dy,6.554676,1.43674,2.64357,2.198443565,1376.818895,136
qmof-31e37cb,HEDNOT_FSR,bandgap_6.5_to_7.0eV,Zn,6.581268,1.02317,1.99357,1.958825046,574.7283483,56
qmof-4f0b980,KOBBUY_FSR,bandgap_6.5_to_7.0eV,Ca,6.623832,0.84203,1.55114,1.76829384,488.7910071,56
qmof-ea2f7b2,IGIZIJ_FSR,bandgap_6.5_to_7.0eV,Ba,6.796914,1.00022,3.37892,2.77105404,1227.274548,108
qmof-cf8f441,ATUPIQ_FSR,bandgap_6.5_to_7.0eV,La,6.671018,1.37455,2.18918,1.977468269,717.2912808,62
qmof-3f041c4,SIKROU_FSR,bandgap_6.5_to_7.0eV,Mg,6.754043,1.28672,2.69037,1.694953225,891.4296364,88
qmof-2de5ad7,MESBAN_FSR,bandgap_6.5_to_7.0eV,Ga,6.544842,0.98644,1.98833,2.75654888,504.1366558,46
qmof-49dc93d,LICSUM_FSR,bandgap_6.5_to_7.0eV,Mg,6.568951,0.74532,1.63796,1.845405862,627.6873161,68
qmof-e428070,WAZMUH_FSR,bandgap_6.5_to_7.0eV,Ho,6.920148,0.83762,1.38708,3.354056375,669.2917894,68
qmof-e9836d3,XUYTES_FSR,bandgap_6.5_to_7.0eV,Zn,6.640342,1.77358,3.21404,1.809097058,747.1243676,72
qmof-9dca13d,DORFOG_FSR,bandgap_6.5_to_7.0eV,Mg,6.616302,1.94161,2.62522,1.59768883,799.9042955,80
qmof-16812b6,LOQVIW01_FSR,bandgap_6.5_to_7.0eV,Zn,6.961652,1.02978,1.61685,2.283920354,777.8007753,80
qmof-bb23f24,REKXOW01_FSR,bandgap_6.5_to_7.0eV,Zn,6.87632,1.38661,1.85536,1.930857216,360.3994342,38
qmof-73a2a48,SUNDIP_FSR,bandgap_6.5_to_7.0eV,Zn,6.702388,0.77879,1.56189,1.94114459,806.0725549,92
qmof-f8e2658,POPQOC_FSR,bandgap_6.5_to_7.0eV,Na,6.851012,0.81384,1.4095,1.469615984,886.6485662,104
qmof-99811c4,HEFXAR_FSR,bandgap_6.5_to_7.0eV,Li,6.649815,1.1427,1.51075,1.506553616,357.1146711,40
qmof-96c10f1,QOTDUZ_FSR,bandgap_6.5_to_7.0eV,Ca,6.708767,0.85574,1.57794,1.941070059,780.7113389,84
qmof-1009736,QOQMIT01_FSR,bandgap_6.5_to_7.0eV,Zn,6.76203,1.36744,2.44384,1.783949596,438.5503332,46
qmof-ac2095e,UCOCAR_FSR,bandgap_6.5_to_7.0eV,Sr,6.6945,0.59537,1.39078,2.515668961,572.1257052,58
qmof-2416924,OMESIK01_FSR,bandgap_6.5_to_7.0eV,Li,6.941692,0.99072,1.44055,1.232834926,582.2215184,68
qmof-70e9f69,CUMBAO_FSR,bandgap_6.5_to_7.0eV,Zn,6.551791,0.66477,1.64492,2.161378565,714.5793173,84
qmof-137f122,TELDAP_FSR,bandgap_6.5_to_7.0eV,K,6.863913,0.57209,1.16364,1.829751881,523.3411162,52
qmof-bdde873,ECOLOZ_FSR,bandgap_6.5_to_7.0eV,Zn,6.705981,1.39144,2.11292,1.92222065,758.5969336,72
qmof-449b3ee,AGALUR_FSR,bandgap_6.5_to_7.0eV,Mg,6.586474,1.08629,2.03422,1.751629885,1086.30453,128
qmof-5954ccc,QUHMEN_FSR,bandgap_6.5_to_7.0eV,Gd,6.520363,0.57479,1.51392,3.857318046,544.7347158,52
qmof-37e4d9d,OFOJOL_FSR,bandgap_6.5_to_7.0eV,Li,6.608293,1.34153,1.82318,1.42889332,223.1517414,24
qmof-503c861,EXURAR_FSR,bandgap_6.5_to_7.0eV,La,6.852722,0.77013,1.88698,2.939531689,372.8816505,38
qmof-17246e7,ODOJAT_FSR,bandgap_6.5_to_7.0eV,Na,6.519961,0.68489,1.62811,2.50347098,730.6955206,68
qmof-855c443,KOMMII_FSR,bandgap_7.0_to_7.5eV,Zn,7.112228,1.21028,1.77112,1.312381377,890.2964071,102
qmof-c6a024f,LAPJAO_FSR,bandgap_7.0_to_7.5eV,Li,7.455523,0.83534,2.2277,1.509491694,994.0332746,108
qmof-185e359,SIWFOT_FSR,bandgap_7.0_to_7.5eV,Li,7.275723,0.69554,1.40303,1.632535109,661.4107608,68
qmof-d16a680,PIRSUG_FSR,bandgap_7.0_to_7.5eV,Cs,7.068132,0.96973,1.81369,2.257247983,1025.53493,104
qmof-da50262,KMTSUL01_FSR,bandgap_7.0_to_7.5eV,K,7.358938,0.08799,0.99845,2.390683531,1079.440262,80
qmof-4df7a58,XAYYUR02_FSR,bandgap_7.0_to_7.5eV,Zn,7.145137,0.88722,1.71896,2.501267772,465.8785581,48
qmof-b96fb0a,NECCIK_FSR,bandgap_7.0_to_7.5eV,K,7.077342,0.93637,2.36453,1.856933511,1596.290986,148
qmof-63babd7,AMOROK_FSR,bandgap_7.0_to_7.5eV,Sm,7.174092,1.2025,2.21074,2.625005884,970.4276397,96
qmof-78ccc0f,DORREI_FSR,bandgap_7.0_to_7.5eV,Na,7.489444,1.33591,2.21114,1.697875908,538.3144218,57
qmof-679e2ca,ODOSEI_FSR,bandgap_7.0_to_7.5eV,Na,7.339115,1.17189,1.43861,1.862073998,506.9111996,60
qmof-ae0f40c,QABGEF_FSR,bandgap_7.0_to_7.5eV,Li,7.456522,0.88339,1.9869,1.113214266,1143.952958,136
qmof-50671ea,NILCAP_FSR,bandgap_7.0_to_7.5eV,Tb,7.177797,0.39645,1.10508,5.436019799,288.2919799,28
qmof-8173fb9,OYERAM_FSR,bandgap_7.0_to_7.5eV,Zn,7.057902,0.62013,1.22512,2.242370404,464.5881145,54
qmof-649c1c3,SEZVUO_FSR,bandgap_7.0_to_7.5eV,Ca,7.27806,0.97095,1.58455,1.479393842,831.4462685,98
qmof-7e90e52,NOKFEY_FSR,bandgap_7.0_to_7.5eV,Mg,7.070485,0.79542,1.63571,1.747210604,807.6005546,100
qmof-ad9b461,LICDOX01_FSR,bandgap_7.0_to_7.5eV,Li,7.096798,0.83017,1.79947,1.409370832,615.0230501,64
qmof-2edacf2,OSAXOW01_FSR,bandgap_7.0_to_7.5eV,Li,7.178576,1.03275,1.90224,1.285102661,486.0438824,56
qmof-22501f6,RUBGAX_FSR,bandgap_7.0_to_7.5eV,Sr,7.148903,0.78187,1.95287,2.691376671,830.5447534,74
qmof-abb7a68,XAGDUE_FSR,bandgap_7.0_to_7.5eV,Mg,7.184349,1.14425,1.95674,1.50878148,529.3615234,62
qmof-aa0cfe7,POPSAQ_FSR,bandgap_7.0_to_7.5eV,Li,7.118645,0.8199,1.23588,1.467712054,421.0099591,52
qmof-25c39ef,JISSEK_FSR,bandgap_7.0_to_7.5eV,Sm,7.494702,1.13828,1.81213,3.133459331,753.4946338,72
qmof-03f76d4,AMORUQ_FSR,bandgap_7.0_to_7.5eV,Pr,7.130829,1.24955,2.27494,2.485976502,999.4439914,96
qmof-9074759,HOCMIV_FSR,bandgap_7.0_to_7.5eV,Li,7.029644,0.90922,2.17093,1.309600877,1161.460787,120
qmof-cc6fd4d,QUTQAY_FSR,bandgap_7.0_to_7.5eV,Zn,7.165426,1.35256,2.01436,2.036393351,1020.231815,120
qmof-83d54f4,NAACET05_FSR,bandgap_7.0_to_7.5eV,Na,7.062304,0.80772,1.47508,1.516911447,595.8569067,68
qmof-cf00f6e,MUNJEK_FSR,bandgap_7.0_to_7.5eV,Zn,7.263293,0.85784,1.6756,2.191564483,455.3425026,50
qmof-7b525e0,GUTYAW_FSR,bandgap_8.0_to_8.5eV,Sr,8.08925,0.75696,1.27081,2.698950788,339.3733194,30
